build_y,year,month,day,dong,bo_price,mo_price,size,ji_code
2015,2019,1,1, 복대동,"     4,000",         0,20,43113
2011,2019,1,1, 복대동,"     4,000",         0,33,43113
,2019,1,2, 복대동,"     5,000",         0,27.56,43113
2012,2019,1,2, 복대동,"     5,000",         0,40,43113
2018,2019,1,2, 복대동,"     5,000",         0,20,43113
2001,2019,1,2, 복대동,"     5,000",         0,48.67,43113
2013,2019,1,2, 복대동,"     3,000",         0,25,43113
2019,2019,1,2, 복대동,"     1,000",        43,45,43113
2008,2019,1,3, 복대동,"     2,000",        19,26.4,43113
,2019,1,3, 복대동,"     6,000",         0,52.85,43113
2012,2019,1,3, 복대동,"     5,000",         0,31.3,43113
2018,2019,1,3, 복대동,"     7,000",         0,46.2,43113
2016,2019,1,3, 복대동,"     4,500",         0,30,43113
2018,2019,1,4, 복대동,"     9,000",         0,52.8,43113
2015,2019,1,4, 복대동,"     4,000",         0,25,43113
2004,2019,1,4, 복대동,"     3,600",         0,40,43113
2011,2019,1,4, 복대동,       300,        38,33,43113
2000,2019,1,4, 복대동,       100,        28,25,43113
2013,2019,1,4, 복대동,"     4,000",         0,18,43113
1990,2019,1,4, 복대동,"     9,000",         0,102.14,43113
2007,2019,1,5, 복대동,"     3,000",        25,33,43113
2018,2019,1,5, 복대동,"     3,000",        48,52.8,43113
2010,2019,1,5, 복대동,"     5,000",         0,20,43113
2000,2019,1,5, 복대동,"     4,000",         0,36.67,43113
2011,2019,1,5, 복대동,"     3,000",        25,42.9,43113
2010,2019,1,5, 복대동,"     4,100",         0,30,43113
2000,2019,1,6, 복대동,       200,        25,33.36,43113
2011,2019,1,6, 복대동,"     3,500",         0,33,43113
2013,2019,1,6, 복대동,"     4,000",         0,25,43113
2001,2019,1,7, 복대동,"     2,000",         0,31.5,43113
2012,2019,1,7, 복대동,"     4,000",         0,30.04,43113
2018,2019,1,7, 복대동,"     6,000",         0,33,43113
2014,2019,1,7, 복대동,"     3,700",         0,20,43113
2000,2019,1,8, 복대동,"     3,000",         0,20,43113
2014,2019,1,9, 복대동,"     3,000",         0,20,43113
2001,2019,1,9, 복대동,"     1,000",        20,25,43113
2014,2019,1,10, 복대동,"     3,000",         0,25,43113
2014,2019,1,10, 복대동,       200,        33,24,43113
2003,2019,1,10, 복대동,       300,        30,50,43113
2013,2019,1,10, 복대동,"     3,500",         0,20,43113
2018,2019,1,10, 복대동,"     4,500",         0,17.9,43113
2001,2019,1,10, 복대동,"     2,000",        10,30,43113
2000,2019,1,11, 복대동,"     2,700",         0,26.4,43113
2000,2019,1,11, 복대동,"     2,700",         0,26.4,43113
2013,2019,1,11, 복대동,"     4,000",         0,25,43113
2014,2019,1,11, 복대동,"     3,500",         0,25,43113
,2019,1,11, 복대동,"     3,000",         0,11.39,43113
2018,2019,1,12, 복대동,"     4,500",         0,25,43113
2001,2019,1,12, 복대동,"     4,500",         0,49,43113
2000,2019,1,12, 복대동,"     2,600",         0,30,43113
2014,2019,1,12, 복대동,"     6,000",         0,35,43113
2018,2019,1,12, 복대동,"     4,500",         0,30,43113
2014,2019,1,12, 복대동,"     3,500",         0,23,43113
2011,2019,1,12, 복대동,"     3,000",         0,30,43113
1996,2019,1,12, 복대동,"     3,000",         0,27,43113
2017,2019,1,13, 복대동,"     1,500",        45,39.6,43113
2011,2019,1,13, 복대동,"     3,000",         0,33,43113
2000,2019,1,13, 복대동,"     4,000",         0,30,43113
2017,2019,1,14, 복대동,"     5,000",         0,26.4,43113
2004,2019,1,15, 복대동,       500,        51,76.12,43113
2019,2019,1,15, 복대동,"     5,000",         0,33,43113
2001,2019,1,15, 복대동,"     2,000",         8,25,43113
2008,2019,1,15, 복대동,"    12,000",         0,107.8,43113
2007,2019,1,15, 복대동,"     4,000",         0,49,43113
1993,2019,1,15, 복대동,"     4,000",         0,60,43113
2014,2019,1,15, 복대동,"     3,500",         0,20,43113
2014,2019,1,15, 복대동,"     3,500",         0,25,43113
2019,2019,1,15, 복대동,       300,        35,25,43113
,2019,1,16, 복대동,"     2,000",         0,35.72,43113
2011,2019,1,17, 복대동,"     4,000",         0,30,43113
2002,2019,1,17, 복대동,"     3,000",         0,24.6,43113
2018,2019,1,17, 복대동,"     5,000",         0,20,43113
2001,2019,1,17, 복대동,       100,        24,20,43113
,2019,1,18, 복대동,"     6,000",         0,52.22,43113
2009,2019,1,18, 복대동,"     3,500",         0,36.03,43113
2004,2019,1,18, 복대동,       500,        25,20,43113
2011,2019,1,18, 복대동,       200,        31,25,43113
2007,2019,1,18, 복대동,       700,        33,30,43113
2007,2019,1,18, 복대동,"     6,500",         0,55.08,43113
2007,2019,1,18, 복대동,       700,        33,30,43113
2011,2019,1,19, 복대동,"     4,000",         0,33,43113
2011,2019,1,19, 복대동,"     4,000",         0,55,43113
2013,2019,1,19, 복대동,"     4,000",         0,30,43113
2012,2019,1,19, 복대동,"     4,000",         0,30,43113
2012,2019,1,19, 복대동,"     4,000",         0,19.83,43113
2007,2019,1,19, 복대동,"     4,300",         0,50,43113
1996,2019,1,19, 복대동,"     3,000",         0,23,43113
2014,2019,1,20, 복대동,"     3,200",         0,20,43113
2013,2019,1,20, 복대동,       200,        30,25,43113
2019,2019,1,20, 복대동,       300,        35,25,43113
2018,2019,1,20, 복대동,"     1,000",        45,40,43113
2011,2019,1,20, 복대동,"     3,000",         0,30,43113
2011,2019,1,21, 복대동,"     3,000",         0,20,43113
2011,2019,1,21, 복대동,"     4,000",         0,33,43113
2003,2019,1,21, 복대동,"     6,000",         0,56,43113
2010,2019,1,21, 복대동,"     4,500",         0,25,43113
2001,2019,1,22, 복대동,"     2,000",         0,25,43113
2015,2019,1,22, 복대동,"     3,000",         0,23,43113
1990,2019,1,22, 복대동,"     2,500",         0,35,43113
2018,2019,1,22, 복대동,"     4,500",         0,27,43113
,2019,1,22, 복대동,"     4,000",         0,15.82,43113
2005,2019,1,22, 복대동,"     4,000",         0,55,43113
2014,2019,1,23, 복대동,"     3,000",         0,20,43113
2008,2019,1,23, 복대동,       200,        30,30,43113
,2019,1,24, 복대동,       100,        14,23.14,43113
2001,2019,1,24, 복대동,"     2,300",         0,24,43113
2014,2019,1,24, 복대동,       300,        43,40,43113
2019,2019,1,24, 복대동,"     2,000",        25,25,43113
1987,2019,1,24, 복대동,"     3,000",         0,54.4,43113
2001,2019,1,24, 복대동,"     2,000",         0,24,43113
1994,2019,1,24, 복대동,"     2,300",         0,56,43113
2002,2019,1,25, 복대동,"     4,000",         0,66.68,43113
2013,2019,1,25, 복대동,"     6,000",         0,20,43113
2011,2019,1,25, 복대동,"     3,000",         0,20,43113
2012,2019,1,25, 복대동,"     1,500",        25,28,43113
2019,2019,1,26, 복대동,"     5,000",         0,25,43113
2017,2019,1,26, 복대동,"     4,500",         0,20,43113
2001,2019,1,26, 복대동,"     2,500",         0,27,43113
2014,2019,1,26, 복대동,"     3,300",         0,30,43113
2013,2019,1,26, 복대동,"     4,000",         0,27,43113
2014,2019,1,27, 복대동,"     3,500",         0,28,43113
2009,2019,1,27, 복대동,"     5,000",         0,59,43113
2012,2019,1,27, 복대동,"    12,000",         0,148.68,43113
2011,2019,1,28, 복대동,"     3,500",         0,33,43113
,2019,1,28, 복대동,       300,        41,40,43113
2001,2019,1,28, 복대동,"     2,000",        55,104.27,43113
2015,2019,1,29, 복대동,"     1,000",        45,39.6,43113
2019,2019,1,29, 복대동,"     5,000",         0,20,43113
2012,2019,1,30, 복대동,       200,        30,20,43113
2013,2019,1,31, 복대동,"     3,000",         0,15,43113
2002,2019,2,1, 복대동,"     4,500",         0,49,43113
2009,2019,2,1, 복대동,"     2,700",         0,25,43113
2002,2019,2,1, 복대동,"     5,000",         0,60,43113
2000,2019,2,1, 복대동,"     1,000",        20,20,43113
2000,2019,2,1, 복대동,"     3,500",         0,33,43113
2012,2019,2,1, 복대동,       200,        31,23,43113
2000,2019,2,2, 복대동,"     1,500",         0,25,43113
2014,2019,2,3, 복대동,"     4,000",         0,16,43113
2019,2019,2,4, 복대동,"     5,000",         5,28,43113
2016,2019,2,7, 복대동,"     5,000",         0,30,43113
2001,2019,2,7, 복대동,       100,        26,36.3,43113
,2019,2,7, 복대동,"     5,000",         0,97.76,43113
2007,2019,2,8, 복대동,       100,        30,30,43113
2010,2019,2,8, 복대동,"     4,500",         0,33,43113
2001,2019,2,8, 복대동,"     1,000",        23,25,43113
2008,2019,2,9, 복대동,       500,        32,45.2,43113
2002,2019,2,9, 복대동,"     3,000",         0,30,43113
2019,2019,2,9, 복대동,"     5,000",         0,14,43113
2014,2019,2,9, 복대동,"     3,500",         0,24,43113
2019,2019,2,9, 복대동,"     4,500",         0,25,43113
2013,2019,2,9, 복대동,"     3,000",         0,19,43113
2015,2019,2,9, 복대동,"     6,500",         0,45,43113
2002,2019,2,9, 복대동,"     3,500",         0,24,43113
2000,2019,2,9, 복대동,"     2,000",         0,36.3,43113
2016,2019,2,9, 복대동,"     8,000",         0,50,43113
2019,2019,2,9, 복대동,"     5,000",         0,25,43113
2014,2019,2,9, 복대동,"     3,500",         0,25,43113
2018,2019,2,9, 복대동,       500,        57,59.4,43113
2009,2019,2,9, 복대동,       200,        30,28,43113
2007,2019,2,9, 복대동,"     4,500",         0,25,43113
1980,2019,2,9, 복대동,"     5,300",         0,84.57,43113
2018,2019,2,9, 복대동,"     1,000",        55,59.4,43113
2003,2019,2,9, 복대동,"     1,500",        30,50,43113
2003,2019,2,10, 복대동,       100,        27,10,43113
1991,2019,2,10, 복대동,       300,        35,27,43113
2019,2019,2,10, 복대동,"     5,000",         0,23,43113
2018,2019,2,10, 복대동,       500,        50,39.6,43113
2007,2019,2,10, 복대동,"     4,500",         0,25,43113
2012,2019,2,10, 복대동,"     4,500",         0,50,43113
2001,2019,2,10, 복대동,"     3,000",         0,25,43113
2006,2019,2,11, 복대동,"     5,500",         0,60,43113
2010,2019,2,11, 복대동,"     4,000",         0,30,43113
2014,2019,2,11, 복대동,"     3,000",         0,25,43113
2019,2019,2,11, 복대동,"     5,000",         0,30,43113
2012,2019,2,11, 복대동,"     4,500",         0,28,43113
2008,2019,2,12, 복대동,"     3,000",         0,30,43113
1991,2019,2,12, 복대동,"     2,300",         0,45,43113
2014,2019,2,12, 복대동,"     3,000",         0,30,43113
2019,2019,2,12, 복대동,"     5,000",         0,14,43113
2000,2019,2,13, 복대동,"     2,500",         0,36,43113
2001,2019,2,13, 복대동,       200,        29,18.35,43113
2001,2019,2,13, 복대동,"     3,000",         0,26,43113
2019,2019,2,13, 복대동,"     4,500",         0,25,43113
2000,2019,2,13, 복대동,"     3,500",         0,27,43113
2016,2019,2,13, 복대동,"     8,000",         0,60,43113
1990,2019,2,13, 복대동,"     8,000",         0,75,43113
2003,2019,2,14, 복대동,"     6,700",         0,60,43113
2016,2019,2,14, 복대동,"     3,800",         0,14,43113
2016,2019,2,14, 복대동,"     6,000",         0,40,43113
2001,2019,2,14, 복대동,"     2,000",         0,24,43113
2000,2019,2,14, 복대동,"     2,500",         0,36,43113
2014,2019,2,15, 복대동,"     3,000",         0,20,43113
2013,2019,2,15, 복대동,"     5,000",         0,33,43113
2014,2019,2,15, 복대동,       300,        42,40,43113
2014,2019,2,15, 복대동,"     4,000",         0,28,43113
2003,2019,2,15, 복대동,"     3,000",         0,23,43113
2019,2019,2,15, 복대동,"     5,000",         0,20,43113
2014,2019,2,15, 복대동,       200,        25,20,43113
,2019,2,15, 복대동,"     4,500",         0,24.66,43113
2014,2019,2,16, 복대동,"     3,000",         0,20,43113
2012,2019,2,16, 복대동,"     2,000",         0,30,43113
2000,2019,2,16, 복대동,"     3,000",         0,20,43113
2007,2019,2,16, 복대동,"     4,300",         0,27,43113
2016,2019,2,16, 복대동,       500,        36,33,43113
2019,2019,2,17, 복대동,"     5,000",         0,25,43113
1998,2019,2,17, 복대동,"     2,500",         0,20,43113
2017,2019,2,17, 복대동,"     4,000",         0,30,43113
2003,2019,2,17, 복대동,"     2,700",         0,30,43113
2019,2019,2,17, 복대동,"     4,500",         0,25,43113
2019,2019,2,17, 복대동,       200,        35,20,43113
2013,2019,2,18, 복대동,       500,        43,23,43113
2014,2019,2,18, 복대동,"     4,000",         0,33,43113
2019,2019,2,18, 복대동,"     5,000",         0,25,43113
2001,2019,2,18, 복대동,"     2,000",         0,24,43113
2012,2019,2,18, 복대동,"     3,500",         0,25,43113
2003,2019,2,18, 복대동,"     5,000",         0,42.26,43113
2000,2019,2,18, 복대동,"     2,000",        40,66.34,43113
2012,2019,2,18, 복대동,"     4,500",         0,20,43113
2004,2019,2,19, 복대동,       200,        25,26,43113
2015,2019,2,19, 복대동,"     3,200",         0,24,43113
2001,2019,2,19, 복대동,"     1,000",        26,30,43113
2002,2019,2,19, 복대동,"     3,000",         0,30,43113
2000,2019,2,20, 복대동,"     3,300",         0,27,43113
2002,2019,2,20, 복대동,       100,        30,28,43113
2004,2019,2,20, 복대동,"     4,000",         0,40,43113
2001,2019,2,20, 복대동,"     3,000",         0,25,43113
2013,2019,2,20, 복대동,"     3,000",         0,15,43113
2004,2019,2,20, 복대동,"     4,000",         0,40,43113
2001,2019,2,20, 복대동,"     2,000",         0,25,43113
2003,2019,2,20, 복대동,"     5,500",         0,60,43113
2002,2019,2,20, 복대동,"     2,000",         0,24,43113
1994,2019,2,20, 복대동,"     3,000",         0,15,43113
1991,2019,2,21, 복대동,"     4,500",         0,58.39,43113
2012,2019,2,21, 복대동,       200,        23,35,43113
2016,2019,2,21, 복대동,       200,        37,33,43113
2001,2019,2,21, 복대동,       100,        23,29.44,43113
2018,2019,2,21, 복대동,"     7,500",         0,39.6,43113
2014,2019,2,21, 복대동,"     3,000",         0,18,43113
2003,2019,2,22, 복대동,"     4,500",         0,43,43113
2012,2019,2,22, 복대동,"     2,000",         0,20,43113
2012,2019,2,22, 복대동,"     5,500",         0,36.3,43113
2011,2019,2,22, 복대동,"     3,000",         0,14.72,43113
,2019,2,22, 복대동,"     6,000",         0,50.33,43113
2001,2019,2,22, 복대동,"     5,000",         0,45,43113
2013,2019,2,22, 복대동,       300,        35,27.47,43113
2014,2019,2,23, 복대동,"     1,000",        20,23,43113
2018,2019,2,23, 복대동,"     5,000",         0,20,43113
2014,2019,2,23, 복대동,"     3,000",         0,20.21,43113
2014,2019,2,23, 복대동,       300,        45,46.2,43113
2001,2019,2,23, 복대동,"     6,500",         0,59,43113
2014,2019,2,23, 복대동,"     3,500",         0,18,43113
2011,2019,2,23, 복대동,"     6,500",         0,39,43113
2008,2019,2,24, 복대동,"     4,000",         0,35,43113
2016,2019,2,24, 복대동,"     1,500",        23,30,43113
2000,2019,2,25, 복대동,       100,        25,33,43113
,2019,2,25, 복대동,"     5,500",         0,48.67,43113
2019,2019,2,25, 복대동,"     5,000",         0,23,43113
2011,2019,2,25, 복대동,"     3,700",         0,26.4,43113
1995,2019,2,25, 복대동,"     7,000",         0,55,43113
2013,2019,2,25, 복대동,"     3,900",         0,27,43113
2012,2019,2,25, 복대동,       400,        40,40,43113
1989,2019,2,26, 복대동,        50,        13,15,43113
2014,2019,2,26, 복대동,"     3,500",         0,20,43113
,2019,2,26, 복대동,"     2,500",         0,29.98,43113
,2019,2,26, 복대동,"     4,000",         0,13.62,43113
2017,2019,2,26, 복대동,"     3,000",        30,45,43113
2001,2019,2,26, 복대동,"     3,800",         0,30,43113
2001,2019,2,26, 복대동,"     2,500",         0,36,43113
1991,2019,2,27, 복대동,"     4,500",         0,50,43113
,2019,2,27, 복대동,"     4,000",         0,31.41,43113
2000,2019,2,27, 복대동,"     1,500",         0,29.7,43113
2016,2019,2,27, 복대동,"    15,000",         0,132.22,43113
,2019,2,28, 복대동,"     5,000",         0,28.43,43113
2007,2019,2,28, 복대동,"     3,500",         0,37.7,43113
2009,2019,2,28, 복대동,"    12,000",         0,138,43113
2019,2019,2,28, 복대동,"     5,000",         0,30,43113
2001,2019,2,28, 복대동,       100,        25,38,43113
2014,2019,2,28, 복대동,"     3,000",         0,26,43113
2001,2019,2,28, 복대동,"     2,500",         0,15,43113
1992,2019,3,1, 복대동,"     1,800",         0,25,43113
2008,2019,3,1, 복대동,       300,        35,30,43113
2013,2019,3,2, 복대동,"     3,000",         0,25,43113
2002,2019,3,4, 복대동,"     5,000",         0,50,43113
2015,2019,3,4, 복대동,"     4,800",         0,33,43113
2011,2019,3,4, 복대동,"     4,000",         0,33,43113
1990,2019,3,4, 복대동,"     2,000",         0,30.2,43113
2014,2019,3,4, 복대동,"     3,000",         0,26,43113
2010,2019,3,4, 복대동,"     3,000",         0,110,43113
,2019,3,5, 복대동,"     3,000",         0,24.26,43113
,2019,3,5, 복대동,"     4,000",         0,25,43113
2000,2019,3,5, 복대동,"     1,500",         0,33,43113
2012,2019,3,5, 복대동,       500,        41,61.75,43113
2002,2019,3,6, 복대동,"     4,500",         0,40,43113
2001,2019,3,6, 복대동,"     3,800",         0,30,43113
2007,2019,3,7, 복대동,"    15,000",         0,127.02,43113
2007,2019,3,7, 복대동,"    15,000",         0,127.02,43113
,2019,3,8, 복대동,"     3,000",         0,29.31,43113
2010,2019,3,9, 복대동,       200,        35,33,43113
,2019,3,9, 복대동,       100,        27,30.12,43113
2001,2019,3,10, 복대동,"     6,000",         0,39,43113
2015,2019,3,10, 복대동,"     3,000",        27,36.3,43113
2002,2019,3,10, 복대동,"     7,500",         0,57,43113
2014,2019,3,11, 복대동,"     3,000",         0,26,43113
2002,2019,3,11, 복대동,"     6,000",         0,45,43113
2001,2019,3,11, 복대동,"     2,700",         0,30,43113
2001,2019,3,11, 복대동,"     2,500",         0,30,43113
2014,2019,3,11, 복대동,"     3,000",         0,25,43113
2018,2019,3,11, 복대동,       200,        41,33,43113
2003,2019,3,11, 복대동,"     1,000",        50,52.89,43113
2011,2019,3,12, 복대동,"     6,000",         0,45,43113
,2019,3,14, 복대동,"     1,500",         0,43,43113
2015,2019,3,14, 복대동,"     3,000",         0,25,43113
2019,2019,3,15, 복대동,"    17,000",         0,135,43113
2009,2019,3,15, 복대동,       100,        28,30,43113
2012,2019,3,16, 복대동,"     5,500",         0,29.7,43113
2006,2019,3,16, 복대동,"     1,000",        65,129.06,43113
2011,2019,3,16, 복대동,       300,        31,25,43113
2018,2019,3,17, 복대동,"     4,000",         0,19.8,43113
2018,2019,3,17, 복대동,"     5,000",        77,120,43113
2002,2019,3,18, 복대동,"     6,000",         0,60,43113
2016,2019,3,18, 복대동,       200,        34,19.83,43113
2007,2019,3,18, 복대동,"     5,000",        50,130.75,43113
2018,2019,3,18, 복대동,       200,        35,28.12,43113
2011,2019,3,19, 복대동,"     3,500",         0,30,43113
,2019,3,19, 복대동,"     2,000",        40,93.04,43113
1992,2019,3,20, 복대동,       200,        20,39,43113
,2019,3,21, 복대동,"     4,000",         0,18.41,43113
2013,2019,3,21, 복대동,"     5,000",         0,38.14,43113
2000,2019,3,22, 복대동,"     2,000",        24,39.6,43113
,2019,3,22, 복대동,"     4,000",         0,39.58,43113
1998,2019,3,22, 복대동,"     6,000",        25,98.28,43113
2014,2019,3,22, 복대동,"     5,000",         0,55,43113
2002,2019,3,23, 복대동,"     7,000",         0,60,43113
2019,2019,3,24, 복대동,"     5,000",         0,18,43113
2016,2019,3,24, 복대동,       500,        48,47,43113
2001,2019,3,25, 복대동,"    10,000",         0,122.4,43113
,2019,3,25, 복대동,"     6,000",         0,73.71,43113
2001,2019,3,25, 복대동,"     6,000",         0,50,43113
2004,2019,3,25, 복대동,"     6,000",         0,50,43113
2001,2019,3,25, 복대동,"     2,000",         0,25,43113
2000,2019,3,26, 복대동,"     2,300",         0,30,43113
2001,2019,3,26, 복대동,       100,        30,30,43113
1992,2019,3,26, 복대동,"     2,500",         0,55,43113
2015,2019,3,27, 복대동,"     8,000",         0,55,43113
2012,2019,3,27, 복대동,"     7,000",         0,60,43113
2013,2019,3,27, 복대동,       200,        30,29.7,43113
,2019,3,27, 복대동,"     6,000",         0,49.43,43113
,2019,3,28, 복대동,"     4,000",         0,29.06,43113
2007,2019,3,28, 복대동,"     5,500",         0,38,43113
2012,2019,3,28, 복대동,"     5,000",         0,39,43113
2012,2019,3,28, 복대동,"     5,000",         0,30,43113
1989,2019,3,29, 복대동,"     9,000",         0,101.49,43113
2013,2019,3,29, 복대동,"     3,000",         0,25,43113
2001,2019,3,30, 복대동,       200,        28,34.14,43113
2008,2019,3,30, 복대동,       100,        30,33.12,43113
1998,2019,3,31, 복대동,"     3,000",         0,40,43113
2006,2019,3,31, 복대동,       300,        35,30,43113
,2019,3,31, 복대동,"     3,000",         0,40,43113
2016,2019,4,1, 복대동,"     6,500",         0,49.5,43113
2011,2019,4,1, 복대동,"     4,000",         0,29.7,43113
2002,2019,4,3, 복대동,"     2,500",         0,39.17,43113
2014,2019,4,3, 복대동,"     4,500",         0,27,43113
2007,2019,4,3, 복대동,       200,        30,29,43113
2001,2019,4,5, 복대동,"     2,500",         0,35,43113
2003,2019,4,5, 복대동,"     2,000",        30,59.4,43113
2000,2019,4,5, 복대동,"     2,500",         0,25.6,43113
2016,2019,4,5, 복대동,       500,        36,33,43113
2012,2019,4,6, 복대동,       200,        35,30,43113
2003,2019,4,6, 복대동,       500,        42,52.19,43113
2003,2019,4,6, 복대동,"     1,000",        40,50,43113
2018,2019,4,6, 복대동,"     5,000",         0,30,43113
2002,2019,4,6, 복대동,"     5,000",         0,61.23,43113
2018,2019,4,6, 복대동,"     8,000",         0,54.47,43113
2012,2019,4,7, 복대동,"     4,000",        25,49.5,43113
1993,2019,4,9, 복대동,"    10,000",         0,120.77,43113
2013,2019,4,9, 복대동,"     3,000",         0,10,43113
1993,2019,4,9, 복대동,"    10,000",         0,120.77,43113
1992,2019,4,9, 복대동,"     1,000",        35,80.76,43113
,2019,4,9, 복대동,"     6,000",         0,64.78,43113
,2019,4,9, 복대동,"     8,000",         0,153.17,43113
2011,2019,4,10, 복대동,"     4,000",         0,30,43113
2002,2019,4,10, 복대동,"     1,000",        30,50,43113
2012,2019,4,12, 복대동,"     5,000",         0,29,43113
2002,2019,4,12, 복대동,       100,        27,29.44,43113
2014,2019,4,12, 복대동,       200,        32,26.4,43113
2012,2019,4,13, 복대동,       500,        55,49,43113
2003,2019,4,13, 복대동,       300,        40,40,43113
2012,2019,4,14, 복대동,"    10,000",         0,111.13,43113
2014,2019,4,15, 복대동,"     5,000",         0,55,43113
1993,2019,4,15, 복대동,"     2,500",         0,30,43113
2001,2019,4,15, 복대동,"     1,000",        30,45,43113
2004,2019,4,16, 복대동,"     6,000",         0,60,43113
2003,2019,4,17, 복대동,       300,        40,43,43113
2007,2019,4,17, 복대동,"     4,500",         0,35,43113
2012,2019,4,18, 복대동,       200,        35,30,43113
2013,2019,4,18, 복대동,"     6,000",         0,55,43113
2014,2019,4,19, 복대동,       200,        26,25,43113
2011,2019,4,19, 복대동,       300,        40,40,43113
2017,2019,4,19, 복대동,"     7,500",         0,46.2,43113
2007,2019,4,19, 복대동,"     4,500",         0,25,43113
1984,2019,4,20, 복대동,       500,        38,66.33,43113
2002,2019,4,20, 복대동,"     6,000",         0,50,43113
2002,2019,4,21, 복대동,"     4,000",         0,40,43113
2012,2019,4,22, 복대동,"    10,000",         0,108.6,43113
2000,2019,4,22, 복대동,        50,        35,30.5,43113
2001,2019,4,23, 복대동,"     3,000",         0,20,43113
2000,2019,4,24, 복대동,"     2,500",         0,25,43113
2018,2019,4,25, 복대동,       200,        40,30.12,43113
2001,2019,4,26, 복대동,"     2,500",         0,25,43113
2019,2019,4,26, 복대동,"    10,000",         0,50,43113
2012,2019,4,29, 복대동,"     4,500",         0,28,43113
2000,2019,4,29, 복대동,"     8,000",         0,118.16,43113
2007,2019,4,29, 복대동,"     9,000",         0,140,43113
2012,2019,4,29, 복대동,"     4,500",         0,28,43113
2001,2019,4,29, 복대동,       100,        18,30,43113
1992,2019,4,30, 복대동,"     2,200",         0,24,43113
2003,2019,4,30, 복대동,"     2,000",         0,18,43113
2016,2019,5,1, 복대동,       300,        33,29.7,43113
1990,2019,5,1, 복대동,"     3,000",        40,26,43113
2010,2019,5,1, 복대동,       250,        25,30,43113
2013,2019,5,2, 복대동,"     4,000",         0,33,43113
1990,2019,5,3, 복대동,"     1,000",       300,65,43113
1992,2019,5,3, 복대동,"     2,500",         0,53,43113
2013,2019,5,3, 복대동,       300,        37,30,43113
1993,2019,5,3, 복대동,"     2,500",         0,40,43113
2000,2019,5,4, 복대동,       100,        25,25,43113
2013,2019,5,4, 복대동,"     6,500",         0,46.28,43113
,2019,5,4, 복대동,"     5,000",         0,79.59,43113
2012,2019,5,4, 복대동,"     1,000",        37,36.36,43113
2013,2019,5,4, 복대동,"     7,500",         0,56.19,43113
2011,2019,5,5, 복대동,       300,        36,26.4,43113
2014,2019,5,6, 복대동,       100,        25,30,43113
2001,2019,5,7, 복대동,"     2,500",         0,30,43113
2002,2019,5,7, 복대동,       300,        36,45,43113
2011,2019,5,7, 복대동,       300,        38,26.44,43113
2000,2019,5,8, 복대동,"     4,500",         0,48,43113
2017,2019,5,8, 복대동,       200,        32,25,43113
2000,2019,5,8, 복대동,"     2,500",         0,23,43113
,2019,5,9, 복대동,"     6,000",         0,49.06,43113
2001,2019,5,9, 복대동,"     2,000",         0,25,43113
2002,2019,5,9, 복대동,"     6,000",         0,48,43113
2004,2019,5,10, 복대동,       100,        25,30,43113
2000,2019,5,10, 복대동,"     2,500",         0,15,43113
2000,2019,5,10, 복대동,"     2,500",         0,23,43113
2012,2019,5,11, 복대동,"     3,000",         0,18,43113
2016,2019,5,12, 복대동,"     8,000",         0,49.5,43113
2014,2019,5,13, 복대동,"     7,500",         0,60,43113
2000,2019,5,13, 복대동,"     3,000",        20,62.92,43113
2002,2019,5,14, 복대동,"     4,000",         0,30,43113
2001,2019,5,14, 복대동,"     2,000",         0,29.7,43113
2018,2019,5,14, 복대동,"     4,500",         0,29.4,43113
2001,2019,5,16, 복대동,"     9,000",         0,115.29,43113
2011,2019,5,16, 복대동,"     3,500",         0,33,43113
2016,2019,5,16, 복대동,"     6,500",         0,42.4,43113
2000,2019,5,16, 복대동,"     6,000",         0,53,43113
2001,2019,5,16, 복대동,       200,        30,40,43113
2015,2019,5,17, 복대동,       500,        50,46.27,43113
2012,2019,5,17, 복대동,"     4,500",         0,28,43113
2013,2019,5,17, 복대동,       700,        25,27,43113
2016,2019,5,17, 복대동,       200,        46,43.12,43113
1985,2019,5,18, 복대동,"     7,000",         0,54.12,43113
2013,2019,5,18, 복대동,"     5,000",        25,43,43113
2002,2019,5,19, 복대동,"     1,000",        19,30,43113
2015,2019,5,19, 복대동,"    13,000",         0,145.58,43113
1999,2019,5,21, 복대동,"     2,000",         0,29.7,43113
2013,2019,5,21, 복대동,       300,        50,60,43113
2016,2019,5,21, 복대동,"     4,000",         0,33,43113
,2019,5,22, 복대동,"     4,000",         0,29.08,43113
2003,2019,5,23, 복대동,"     2,800",         0,33,43113
2002,2019,5,23, 복대동,       100,        25,25,43113
2004,2019,5,24, 복대동,"     2,000",        55,105,43113
2003,2019,5,24, 복대동,"     5,000",         0,50,43113
2001,2019,5,24, 복대동,"     3,000",         0,25,43113
2013,2019,5,25, 복대동,"     5,000",         0,33,43113
2015,2019,5,25, 복대동,"     6,500",         0,46.2,43113
2017,2019,5,25, 복대동,"     5,000",         0,21.4,43113
2001,2019,5,25, 복대동,       100,        25,30.12,43113
2007,2019,5,25, 복대동,"     3,500",         0,50,43113
2001,2019,5,25, 복대동,"     1,750",         0,33.84,43113
2008,2019,5,26, 복대동,"     6,000",         0,50,43113
2011,2019,5,26, 복대동,       300,        30,28,43113
2001,2019,5,27, 복대동,       100,        24,20,43113
2010,2019,5,27, 복대동,"     3,000",         0,50,43113
2017,2019,5,27, 복대동,       200,        35,20,43113
2011,2019,5,27, 복대동,"    10,000",         0,148.91,43113
2001,2019,5,28, 복대동,       100,        27,30.12,43113
2012,2019,5,28, 복대동,"     3,000",        12,38,43113
2012,2019,5,28, 복대동,"     4,500",         0,32,43113
2013,2019,5,29, 복대동,"     2,000",        60,132,43113
2016,2019,5,29, 복대동,"     1,000",        58,66.11,43113
2002,2019,5,29, 복대동,       100,        25,30,43113
2008,2019,5,29, 복대동,       200,        30,26.44,43113
2001,2019,5,29, 복대동,       100,        27,25,43113
2001,2019,5,29, 복대동,"     2,000",         0,30,43113
2011,2019,5,30, 복대동,"     1,000",        30,30,43113
2002,2019,5,30, 복대동,"     3,000",        60,132.23,43113
2017,2019,5,31, 복대동,"     6,500",         0,45,43113
2012,2019,5,31, 복대동,"     7,000",         0,58,43113
2019,2019,6,1, 복대동,"     5,000",         0,15,43113
2012,2019,6,1, 복대동,"    16,000",         0,145,43113
2014,2019,6,2, 복대동,"     3,500",         0,20,43113
1994,2019,6,3, 복대동,"     2,500",         0,82.89,43113
2019,2019,6,3, 복대동,"     5,000",         0,16,43113
2014,2019,6,3, 복대동,"     2,800",         0,25,43113
2016,2019,6,3, 복대동,"     5,000",         0,40,43113
2001,2019,6,4, 복대동,"     1,800",         0,33,43113
2018,2019,6,5, 복대동,"     4,000",         0,18,43113
2001,2019,6,6, 복대동,"     3,000",         0,33,43113
2001,2019,6,6, 복대동,       100,        28,27,43113
2001,2019,6,7, 복대동,"     2,500",         0,50,43113
2009,2019,6,7, 복대동,"     5,000",         0,26,43113
2015,2019,6,8, 복대동,"     3,000",         0,33,43113
2001,2019,6,8, 복대동,"     1,700",         0,30,43113
1992,2019,6,9, 복대동,"     1,600",         0,24,43113
2016,2019,6,10, 복대동,"     4,000",         0,40,43113
2011,2019,6,10, 복대동,       200,        32,26.66,43113
2019,2019,6,10, 복대동,"    10,000",         0,45,43113
2019,2019,6,10, 복대동,"     5,000",         0,21.9,43113
,2019,6,10, 복대동,"     6,000",         0,57.09,43113
2019,2019,6,10, 복대동,"    10,000",         0,45,43113
2015,2019,6,10, 복대동,"     3,000",        35,50,43113
2015,2019,6,10, 복대동,"     4,500",         0,19.83,43113
,2019,6,11, 복대동,"     2,000",         0,54.18,43113
2017,2019,6,11, 복대동,       300,        45,40,43113
2007,2019,6,11, 복대동,"     5,000",         0,30,43113
,2019,6,11, 복대동,"     3,000",        50,101.07,43113
2014,2019,6,11, 복대동,"     6,000",         0,35,43113
1990,2019,6,12, 복대동,       200,        21,43,43113
2009,2019,6,12, 복대동,       300,        37,39.6,43113
2019,2019,6,13, 복대동,"     5,000",         0,20,43113
2003,2019,6,13, 복대동,"     2,500",         0,33,43113
2001,2019,6,14, 복대동,"     3,000",         0,23.2,43113
2007,2019,6,14, 복대동,       300,        35,42,43113
2019,2019,6,14, 복대동,"     5,000",         0,20,43113
2016,2019,6,14, 복대동,       300,        33,33,43113
2019,2019,6,15, 복대동,"     5,000",         0,30,43113
2001,2019,6,15, 복대동,"     5,000",         0,45,43113
,2019,6,15, 복대동,"     5,000",         0,27,43113
2019,2019,6,15, 복대동,"     5,000",         0,16,43113
,2019,6,15, 복대동,"     6,000",         0,53.96,43113
2001,2019,6,15, 복대동,"     2,000",         0,23.2,43113
2012,2019,6,16, 복대동,"     3,300",         0,25,43113
2019,2019,6,16, 복대동,"     5,000",         0,23,43113
2012,2019,6,16, 복대동,"     5,500",         0,45,43113
2011,2019,6,16, 복대동,"     4,000",         0,33,43113
2019,2019,6,16, 복대동,       200,        35,24,43113
2012,2019,6,17, 복대동,"     4,500",         0,35,43113
,2019,6,17, 복대동,       800,         4,72.72,43113
2002,2019,6,17, 복대동,"     5,200",         0,42,43113
2005,2019,6,17, 복대동,"     6,500",         0,55,43113
,2019,6,18, 복대동,"     3,000",         0,45,43113
2017,2019,6,18, 복대동,"     1,700",        30,45,43113
2019,2019,6,19, 복대동,"     5,000",         0,16,43113
2002,2019,6,19, 복대동,"     7,000",         0,56.1,43113
1990,2019,6,19, 복대동,"     7,000",         0,62.39,43113
2002,2019,6,20, 복대동,"     3,500",         0,31.2,43113
,2019,6,20, 복대동,"     6,700",         0,59.85,43113
2002,2019,6,21, 복대동,"     4,500",         0,45,43113
2014,2019,6,21, 복대동,       100,        28,18,43113
2002,2019,6,21, 복대동,"     3,000",         0,30.2,43113
2015,2019,6,21, 복대동,"     4,000",         0,12,43113
1996,2019,6,22, 복대동,       300,        35,28,43113
,2019,6,22, 복대동,       200,        35,20.1,43113
2019,2019,6,22, 복대동,"     5,000",         0,23.1,43113
2002,2019,6,23, 복대동,"     4,000",         0,45,43113
2001,2019,6,23, 복대동,"     2,000",         0,23.05,43113
2011,2019,6,23, 복대동,       200,        30,33,43113
2019,2019,6,23, 복대동,"     5,000",         0,25,43113
2019,2019,6,23, 복대동,"     5,000",         0,25,43113
1993,2019,6,24, 복대동,"     3,000",         0,40,43113
2001,2019,6,24, 복대동,"     8,000",         0,78.56,43113
2008,2019,6,25, 복대동,"     6,500",         0,45,43113
,2019,6,25, 복대동,"     4,500",         0,24.23,43113
2001,2019,6,25, 복대동,"     2,000",         0,25,43113
2016,2019,6,26, 복대동,"    14,000",         0,132.22,43113
2001,2019,6,26, 복대동,"     2,500",         0,30,43113
,2019,6,27, 복대동,"     5,000",         0,16.57,43113
2014,2019,6,27, 복대동,"     7,500",         0,60,43113
2002,2019,6,28, 복대동,"     3,000",         0,30,43113
2012,2019,6,28, 복대동,"     4,500",         0,38,43113
2013,2019,6,28, 복대동,"     4,000",         0,50,43113
2015,2019,6,29, 복대동,"    10,000",         0,89.25,43113
2000,2019,6,29, 복대동,"     3,500",         0,45,43113
2014,2019,6,29, 복대동,"     3,000",         0,20,43113
2019,2019,6,29, 복대동,       300,        38,21.9,43113
2002,2019,6,29, 복대동,"     5,000",         0,48,43113
2002,2019,6,29, 복대동,"     4,000",        20,52.8,43113
2017,2019,6,30, 복대동,"     1,000",        30,20,43113
2001,2019,7,1, 복대동,"     3,500",         0,30,43113
2009,2019,7,2, 복대동,"     5,000",         0,59,43113
,2019,7,2, 복대동,"     6,000",         0,78.1,43113
2013,2019,7,2, 복대동,       100,        24,20,43113
2001,2019,7,2, 복대동,"     2,500",         0,24,43113
2017,2019,7,2, 복대동,"     5,000",         0,40,43113
2015,2019,7,3, 복대동,"     4,500",         0,40,43113
2013,2019,7,5, 복대동,"     4,000",         0,32,43113
2013,2019,7,5, 복대동,"     3,500",         0,27.2,43113
2019,2019,7,5, 복대동,"     2,500",        24,30,43113
2016,2019,7,5, 복대동,"     4,500",         0,33,43113
2018,2019,7,5, 복대동,"     4,500",         0,20,43113
2014,2019,7,6, 복대동,       100,        33,20,43113
2019,2019,7,6, 복대동,"     5,000",         0,20,43113
1990,2019,7,6, 복대동,"     1,800",         0,35,43113
2019,2019,7,6, 복대동,"     5,000",         0,20,43113
2015,2019,7,6, 복대동,"     4,000",         0,25,43113
2000,2019,7,6, 복대동,"     3,000",         0,25,43113
2000,2019,7,7, 복대동,"     3,000",         0,20,43113
2012,2019,7,7, 복대동,"     5,500",         0,50,43113
2001,2019,7,7, 복대동,       200,        20,25,43113
2015,2019,7,7, 복대동,"     6,000",         0,60,43113
2019,2019,7,8, 복대동,"     5,000",         0,15,43113
,2019,7,8, 복대동,"     3,500",         0,41.04,43113
2019,2019,7,8, 복대동,"     5,000",         0,23,43113
2015,2019,7,8, 복대동,"     4,000",         0,25,43113
1990,2019,7,8, 복대동,"     7,000",         0,62.39,43113
2010,2019,7,9, 복대동,"     3,500",         0,30,43113
2014,2019,7,10, 복대동,"     8,000",         0,48.5,43113
2001,2019,7,10, 복대동,"     4,000",         0,50,43113
2002,2019,7,11, 복대동,"    10,000",         0,116.48,43113
,2019,7,11, 복대동,"     4,000",         0,19.47,43113
2000,2019,7,11, 복대동,       100,        27,27,43113
,2019,7,12, 복대동,"     5,000",         0,16.2,43113
2001,2019,7,12, 복대동,       100,        23,29.44,43113
1994,2019,7,12, 복대동,"     1,500",         0,24,43113
2000,2019,7,12, 복대동,       300,        35,40,43113
2018,2019,7,12, 복대동,"     4,000",         0,19.8,43113
2017,2019,7,12, 복대동,"     6,500",         0,40,43113
2011,2019,7,13, 복대동,"     3,500",         0,33,43113
2012,2019,7,13, 복대동,       300,        35,26.44,43113
2019,2019,7,13, 복대동,       500,        36,30.12,43113
2001,2019,7,13, 복대동,"     2,500",         0,24,43113
2011,2019,7,14, 복대동,"     4,000",         0,33,43113
1993,2019,7,15, 복대동,"     2,500",         0,39.78,43113
,2019,7,15, 복대동,"     6,000",         0,52.22,43113
,2019,7,15, 복대동,"     5,000",         0,40.5,43113
2011,2019,7,16, 복대동,       400,        29,33,43113
2001,2019,7,16, 복대동,"     2,500",         0,33,43113
2011,2019,7,16, 복대동,       200,        32,33,43113
1992,2019,7,16, 복대동,"     2,500",         0,55,43113
2007,2019,7,17, 복대동,"     4,000",         0,30,43113
2012,2019,7,17, 복대동,"     4,000",         0,30.04,43113
2014,2019,7,18, 복대동,        50,        25,25,43113
2002,2019,7,19, 복대동,"     5,500",         0,40,43113
2013,2019,7,19, 복대동,       100,        25,25,43113
2012,2019,7,19, 복대동,"     6,000",         0,50,43113
2001,2019,7,20, 복대동,"     2,500",         0,22,43113
2017,2019,7,21, 복대동,"     2,000",        40,37,43113
2019,2019,7,22, 복대동,"     5,000",         0,28,43113
1993,2019,7,22, 복대동,"     2,500",         0,39.78,43113
2014,2019,7,22, 복대동,       300,        45,40,43113
1993,2019,7,22, 복대동,"     4,500",         0,53,43113
2016,2019,7,23, 복대동,"     4,500",         0,33,43113
2001,2019,7,23, 복대동,"    15,000",         0,94,43113
2001,2019,7,24, 복대동,"     5,000",         0,50,43113
2010,2019,7,24, 복대동,"     4,000",         0,29.7,43113
2005,2019,7,25, 복대동,"     2,000",        33,60,43113
2001,2019,7,25, 복대동,"     2,500",         0,22,43113
2011,2019,7,25, 복대동,"     4,000",         0,30,43113
2018,2019,7,26, 복대동,"     7,000",         0,55,43113
2002,2019,7,26, 복대동,"     5,000",         0,49.5,43113
2018,2019,7,27, 복대동,"     3,700",         0,18,43113
2014,2019,7,27, 복대동,"     7,500",         0,65,43113
2016,2019,7,27, 복대동,"     2,000",        20,26.4,43113
2012,2019,7,29, 복대동,"     5,000",         0,50,43113
2012,2019,7,29, 복대동,"     4,000",         0,19.8,43113
2002,2019,7,29, 복대동,       100,        25,33,43113
2011,2019,7,29, 복대동,       300,        32,25,43113
2011,2019,7,29, 복대동,"     4,000",         0,33,43113
2008,2019,7,29, 복대동,       100,        30,27,43113
2016,2019,7,30, 복대동,"     4,000",         0,33,43113
2012,2019,7,30, 복대동,"     3,500",         0,30,43113
2000,2019,7,31, 복대동,"     2,000",         0,22.7,43113
2014,2019,8,1, 복대동,       300,        30,25,43113
2019,2019,8,1, 복대동,       200,        38,25,43113
,2019,8,2, 복대동,"     2,500",         0,32.69,43113
2019,2019,8,2, 복대동,"     9,000",         0,51.06,43113
2010,2019,8,2, 복대동,       200,        35,33,43113
2001,2019,8,3, 복대동,"     1,700",         0,30,43113
2003,2019,8,3, 복대동,"     2,300",         0,30,43113
,2019,8,3, 복대동,"     3,000",         0,42.9,43113
1985,2019,8,5, 복대동,       200,        30,62.72,43113
2007,2019,8,5, 복대동,"     4,000",         0,27,43113
2018,2019,8,5, 복대동,"     5,000",         0,25,43113
2011,2019,8,5, 복대동,       300,        35,33,43113
2000,2019,8,5, 복대동,"     2,500",         0,33,43113
2007,2019,8,5, 복대동,"     4,000",         0,40,43113
2017,2019,8,5, 복대동,"     4,500",         0,25,43113
2017,2019,8,5, 복대동,"     4,500",         0,19.8,43113
2011,2019,8,6, 복대동,"     3,000",         0,21,43113
2018,2019,8,6, 복대동,"     4,500",         0,23.1,43113
2012,2019,8,6, 복대동,"     4,500",         0,30,43113
2012,2019,8,7, 복대동,"     4,500",         0,26,43113
1992,2019,8,7, 복대동,"     2,200",         0,32,43113
2012,2019,8,8, 복대동,"     4,500",         0,30,43113
2012,2019,8,9, 복대동,"     2,700",         0,18,43113
2001,2019,8,9, 복대동,"     5,000",         0,50,43113
,2019,8,9, 복대동,       200,        30,32.39,43113
2007,2019,8,10, 복대동,"     5,500",         0,49,43113
1998,2019,8,10, 복대동,"     7,000",         0,93.02,43113
2017,2019,8,11, 복대동,"     4,500",         5,30,43113
1996,2019,8,11, 복대동,"    12,000",         0,104.82,43113
,2019,8,12, 복대동,"     4,500",         0,14.79,43113
1995,2019,8,12, 복대동,"     2,500",         0,49.5,43113
2012,2019,8,12, 복대동,"    10,000",        30,70,43113
2010,2019,8,13, 복대동,"     3,500",         0,29,43113
2018,2019,8,14, 복대동,"     3,700",         0,28,43113
2001,2019,8,14, 복대동,       100,        30,29.44,43113
2012,2019,8,15, 복대동,"     4,500",         0,30,43113
2006,2019,8,15, 복대동,       300,        40,36,43113
2014,2019,8,15, 복대동,"     4,000",         0,33,43113
2011,2019,8,16, 복대동,       500,        45,55,43113
1992,2019,8,16, 복대동,"     8,000",         0,91.7,43113
2008,2019,8,16, 복대동,"    11,000",         0,113.25,43113
2001,2019,8,16, 복대동,       200,        30,29.44,43113
2002,2019,8,16, 복대동,       500,        50,56,43113
2012,2019,8,16, 복대동,"     6,000",         0,50,43113
2019,2019,8,16, 복대동,"    11,000",         0,66,43113
2019,2019,8,17, 복대동,"     1,200",        46,42.97,43113
2019,2019,8,17, 복대동,"     5,000",         0,15,43113
2000,2019,8,17, 복대동,"     1,000",        55,115.5,43113
2014,2019,8,17, 복대동,"     1,000",        20,23,43113
2019,2019,8,17, 복대동,"     5,000",         0,19.8,43113
2011,2019,8,17, 복대동,"     3,300",         0,30,43113
2019,2019,8,17, 복대동,"     1,200",        46,42.97,43113
2019,2019,8,17, 복대동,"     5,000",         0,24,43113
2001,2019,8,18, 복대동,"     2,000",        55,122.27,43113
2007,2019,8,20, 복대동,"     6,000",        28,71.85,43113
2005,2019,8,21, 복대동,"     5,500",         0,60,43113
,2019,8,21, 복대동,"    12,000",         0,50,43113
,2019,8,22, 복대동,"     5,000",         0,52.69,43113
2003,2019,8,22, 복대동,"     4,000",         0,45,43113
2001,2019,8,22, 복대동,"    10,000",         0,122.48,43113
,2019,8,22, 복대동,"     7,500",         0,95.14,43113
1992,2019,8,22, 복대동,"     7,000",         0,90,43113
2001,2019,8,23, 복대동,"     4,000",         0,30,43113
2017,2019,8,23, 복대동,       150,        35,30,43113
,2019,8,23, 복대동,"     8,000",         0,78.7,43113
,2019,8,23, 복대동,"     5,500",         0,49.09,43113
2013,2019,8,23, 복대동,       200,        30,25,43113
,2019,8,24, 복대동,"     8,000",         0,81.05,43113
2017,2019,8,25, 복대동,"     6,500",         0,39.6,43113
2012,2019,8,25, 복대동,"     3,000",        31,60,43113
2017,2019,8,26, 복대동,"     6,500",         0,32.12,43113
2002,2019,8,26, 복대동,       200,        40,60.12,43113
2017,2019,8,26, 복대동,"     6,500",         0,32.12,43113
2011,2019,8,27, 복대동,"     4,000",         0,25,43113
2010,2019,8,27, 복대동,       200,        32,29.7,43113
2001,2019,8,27, 복대동,"     3,000",         0,30,43113
2009,2019,8,27, 복대동,"     5,000",         0,27,43113
2011,2019,8,28, 복대동,       400,        39,39,43113
2009,2019,8,28, 복대동,       100,        25,23,43113
2013,2019,8,28, 복대동,"     4,000",         0,27,43113
2001,2019,8,28, 복대동,"     2,000",         0,25,43113
,2019,8,29, 복대동,"     7,000",         0,50,43113
2011,2019,8,29, 복대동,"    13,000",         0,150,43113
2003,2019,8,29, 복대동,"     3,500",         0,22,43113
2012,2019,8,29, 복대동,"     7,000",         0,62.07,43113
2005,2019,8,30, 복대동,       500,        45,50,43113
2017,2019,8,31, 복대동,"     5,000",         0,24,43113
1991,2019,8,31, 복대동,       300,        25,46.41,43113
,2019,9,1, 복대동,       300,        36,30.12,43113
1990,2019,9,2, 복대동,"     2,000",         0,42.3,43113
2001,2019,9,2, 복대동,"     2,000",         0,25,43113
1990,2019,9,3, 복대동,       100,        20,58.14,43113
2000,2019,9,3, 복대동,        50,        25,26.4,43113
2009,2019,9,3, 복대동,"     5,000",         0,39,43113
2001,2019,9,3, 복대동,"     3,000",         0,30,43113
2011,2019,9,3, 복대동,"     3,000",        15,49.59,43113
2011,2019,9,4, 복대동,"     4,000",         0,33,43113
2006,2019,9,4, 복대동,       300,        45,40,43113
2011,2019,9,4, 복대동,"     4,000",         0,33,43113
2014,2019,9,5, 복대동,"     1,500",        11,25,43113
2009,2019,9,5, 복대동,"     3,500",         0,25,43113
,2019,9,5, 복대동,"     7,500",         0,68.88,43113
,2019,9,5, 복대동,"     4,000",         0,46.22,43113
2007,2019,9,5, 복대동,"     4,000",         0,38.5,43113
2005,2019,9,5, 복대동,"     8,000",         0,95,43113
,2019,9,6, 복대동,"     6,000",         0,59.38,43113
2019,2019,9,6, 복대동,"     5,000",         0,14,43113
2007,2019,9,7, 복대동,       500,        36,40.12,43113
2012,2019,9,8, 복대동,       500,        32,25,43113
1998,2019,9,8, 복대동,"     3,000",         0,40,43113
,2019,9,10, 복대동,"     2,500",         0,50,43113
2002,2019,9,10, 복대동,"     1,000",        15,25,43113
,2019,9,10, 복대동,"     4,000",         0,49.62,43113
1989,2019,9,10, 복대동,"     4,000",         0,49.62,43113
2013,2019,9,10, 복대동,"    12,000",         0,99.29,43113
,2019,9,10, 복대동,"     3,500",         0,50,43113
2001,2019,9,11, 복대동,"     1,800",         0,33,43113
2001,2019,9,11, 복대동,"     6,500",         0,60,43113
2020,2019,9,11, 복대동,"     9,000",         0,40,43113
2007,2019,9,11, 복대동,"     3,000",         0,26,43113
2014,2019,9,14, 복대동,       300,        33,30,43113
2014,2019,9,14, 복대동,       300,        33,30,43113
2007,2019,9,15, 복대동,"     6,500",         0,50,43113
,2019,9,16, 복대동,"     4,000",         0,42.56,43113
2019,2019,9,16, 복대동,"     5,000",         0,15,43113
2000,2019,9,16, 복대동,       270,         0,26.9,43113
2019,2019,9,16, 복대동,"     5,000",         0,26.45,43113
2012,2019,9,17, 복대동,"     1,500",        75,97.76,43113
2011,2019,9,17, 복대동,"     5,000",         0,45,43113
2019,2019,9,18, 복대동,"     5,000",         0,30,43113
2013,2019,9,18, 복대동,"    15,000",         0,119.21,43113
2019,2019,9,18, 복대동,"     5,000",         0,30,43113
2011,2019,9,18, 복대동,       200,        31,30.12,43113
1992,2019,9,18, 복대동,"     2,000",         0,30,43113
2014,2019,9,19, 복대동,"     4,000",         0,30,43113
2003,2019,9,19, 복대동,"     2,500",         0,30,43113
1984,2019,9,19, 복대동,"     5,500",         0,40.65,43113
2001,2019,9,20, 복대동,"    11,000",         0,80,43113
2019,2019,9,20, 복대동,       500,        60,45,43113
,2019,9,20, 복대동,"     1,500",        38,28.5,43113
2001,2019,9,20, 복대동,"    10,000",         0,123.75,43113
1990,2019,9,21, 복대동,"    11,000",         0,120.65,43113
2019,2019,9,21, 복대동,"    16,000",         0,124.05,43113
2002,2019,9,21, 복대동,"     2,000",         0,24.76,43113
2001,2019,9,21, 복대동,"     8,000",         0,137.11,43113
1980,2019,9,21, 복대동,"     5,000",         0,41.25,43113
2011,2019,9,21, 복대동,"     1,000",        30,34,43113
2001,2019,9,21, 복대동,"     1,500",         0,20,43113
2019,2019,9,21, 복대동,"    12,000",         0,49.5,43113
2016,2019,9,21, 복대동,"     8,000",         0,52.8,43113
2009,2019,9,22, 복대동,"     1,000",        80,100,43113
,2019,9,22, 복대동,"     5,500",         0,65.92,43113
2019,2019,9,22, 복대동,"    20,000",         0,148.98,43113
2012,2019,9,23, 복대동,"     6,000",         0,50,43113
2019,2019,9,23, 복대동,"    11,000",         0,50,43113
2004,2019,9,23, 복대동,"    11,000",         0,118.15,43113
2000,2019,9,23, 복대동,       100,        19,112.01,43113
2000,2019,9,23, 복대동,"     2,000",         0,30,43113
2002,2019,9,24, 복대동,"     2,500",         0,45,43113
1991,2019,9,25, 복대동,"     3,000",         0,37.5,43113
2010,2019,9,26, 복대동,       200,        30,30,43113
2013,2019,9,27, 복대동,"     1,000",        75,152.53,43113
,2019,9,27, 복대동,"     4,000",         0,15.27,43113
2001,2019,9,27, 복대동,"    10,000",         0,106.47,43113
2015,2019,9,27, 복대동,"     4,500",         0,33,43113
2016,2019,9,28, 복대동,"     6,500",         0,46.2,43113
2002,2019,9,28, 복대동,"     7,000",         0,88.6,43113
2001,2019,9,28, 복대동,"     7,000",         0,70,43113
2006,2019,9,28, 복대동,       300,        38,39.6,43113
2015,2019,9,28, 복대동,"     6,500",         0,40,43113
2001,2019,9,28, 복대동,"     3,300",         0,30,43113
2011,2019,9,28, 복대동,"     3,500",         0,33,43113
2001,2019,9,29, 복대동,"     2,000",         0,27,43113
2014,2019,9,29, 복대동,"     3,500",         0,25,43113
2000,2019,9,29, 복대동,"     3,000",         0,20,43113
2011,2019,9,30, 복대동,"     4,000",         0,33,43113
2008,2019,9,30, 복대동,"     2,000",        40,59,43113
2018,2019,9,30, 복대동,"     4,000",         0,18,43113
2007,2019,10,1, 복대동,       300,        39,40.12,43113
2011,2019,10,1, 복대동,       200,        32,33,43113
2017,2019,10,1, 복대동,"     4,300",         0,25,43113
2013,2019,10,3, 복대동,       200,        28,29.7,43113
2000,2019,10,4, 복대동,"     4,500",         0,50,43113
2007,2019,10,4, 복대동,       500,        55,55,43113
2002,2019,10,4, 복대동,"     2,000",         0,25,43113
2007,2019,10,7, 복대동,"     6,000",         0,59.4,43113
,2019,10,8, 복대동,"     5,000",         0,61.21,43113
2016,2019,10,8, 복대동,       200,        37,15,43113
2019,2019,10,9, 복대동,"     8,000",         0,40,43113
2019,2019,10,10, 복대동,"     7,500",         0,58.64,43113
2016,2019,10,12, 복대동,       300,        35,33,43113
2012,2019,10,13, 복대동,"     9,000",         0,67.7,43113
,2019,10,14, 복대동,"     7,000",         0,80.19,43113
2002,2019,10,14, 복대동,"     3,000",         0,35,43113
2019,2019,10,14, 복대동,"     4,000",        15,22.6,43113
2019,2019,10,14, 복대동,"    10,000",         0,60,43113
2003,2019,10,15, 복대동,"     8,800",         0,114.5,43113
1992,2019,10,15, 복대동,       300,        25,25,43113
2005,2019,10,15, 복대동,"     2,000",         0,30,43113
,2019,10,16, 복대동,"     3,500",         0,40,43113
1990,2019,10,16, 복대동,"     7,000",         0,50,43113
2008,2019,10,17, 복대동,"     6,000",         0,48.6,43113
2017,2019,10,17, 복대동,"     4,000",         0,25,43113
1995,2019,10,17, 복대동,"     7,000",         0,40.69,43113
,2019,10,18, 복대동,"     6,000",         0,59.95,43113
1999,2019,10,18, 복대동,"     1,000",        45,120,43113
2017,2019,10,18, 복대동,"     1,000",        45,52.89,43113
2007,2019,10,18, 복대동,       300,        37,45,43113
2009,2019,10,19, 복대동,"     3,500",         0,28,43113
2019,2019,10,21, 복대동,"     5,000",         0,16,43113
2016,2019,10,22, 복대동,       200,        35,30.12,43113
1999,2019,10,23, 복대동,"     6,000",         0,48.67,43113
2019,2019,10,24, 복대동,       200,        40,25,43113
2012,2019,10,24, 복대동,"     2,000",        32,49,43113
2006,2019,10,24, 복대동,"     6,000",         0,60,43113
2011,2019,10,24, 복대동,"     1,000",        35,35,43113
2002,2019,10,25, 복대동,       300,        41,45,43113
2007,2019,10,25, 복대동,"     5,000",         0,40,43113
2015,2019,10,25, 복대동,"     4,500",         0,36,43113
2019,2019,10,26, 복대동,       200,        35,26.4,43113
2002,2019,10,26, 복대동,"    12,000",         0,120.6,43113
2005,2019,10,27, 복대동,"     6,000",         0,60,43113
2014,2019,10,27, 복대동,"     4,500",         0,39.6,43113
2007,2019,10,28, 복대동,"     5,000",         0,30,43113
2016,2019,10,28, 복대동,"     3,500",         0,33,43113
2019,2019,10,28, 복대동,       500,        38,25,43113
1999,2019,10,29, 복대동,"     9,000",         0,124.65,43113
2012,2019,10,30, 복대동,"     3,000",        35,46.2,43113
2003,2019,10,30, 복대동,"     2,000",         7,35,43113
,2019,10,30, 복대동,"     5,000",         0,68.47,43113
,2019,10,30, 복대동,"     5,000",         0,32.47,43113
,2019,10,30, 복대동,"     3,500",         0,23.9,43113
2009,2019,10,31, 복대동,       200,        38,35,43113
2005,2019,11,1, 복대동,"     9,000",         0,113.79,43113
1990,2019,11,1, 복대동,"     3,000",         0,120.65,43113
2007,2019,11,2, 복대동,"     5,000",         0,42,43113
2018,2019,11,2, 복대동,"     3,500",         0,28,43113
,2019,11,5, 복대동,"     5,000",         0,20,43113
2001,2019,11,5, 복대동,       100,        30,30.12,43113
2001,2019,11,6, 복대동,"     2,500",         0,22,43113
2004,2019,11,6, 복대동,"     6,000",         0,50,43113
,2019,11,6, 복대동,"     6,000",         0,50.21,43113
2011,2019,11,6, 복대동,"     7,000",         0,50,43113
,2019,11,7, 복대동,"     3,500",         0,42.68,43113
2004,2019,11,7, 복대동,"     5,000",         0,50,43113
2011,2019,11,7, 복대동,       300,        45,45,43113
,2019,11,7, 복대동,"     2,500",         0,35,43113
,2019,11,10, 복대동,"     4,500",         0,39.6,43113
2000,2019,11,11, 복대동,"     2,000",         0,23,43113
1993,2019,11,11, 복대동,"     3,000",         0,46.28,43113
,2019,11,12, 복대동,"     6,500",         0,48.92,43113
2012,2019,11,12, 복대동,       200,        30,33,43113
2003,2019,11,12, 복대동,"     6,000",         0,59,43113
2017,2019,11,12, 복대동,"     8,500",         0,59.4,43113
,2019,11,13, 복대동,"     6,000",         0,58.4,43113
2007,2019,11,13, 복대동,       200,        35,39.6,43113
2012,2019,11,13, 복대동,"     2,500",         0,25,43113
,2019,11,14, 복대동,"     4,000",         0,62.93,43113
2003,2019,11,14, 복대동,"     3,500",         0,20,43113
2017,2019,11,15, 복대동,"     5,000",         0,25,43113
2011,2019,11,15, 복대동,"     5,000",         0,29.7,43113
2011,2019,11,15, 복대동,"     5,000",         0,29.7,43113
,2019,11,16, 복대동,"     4,000",         0,13.37,43113
,2019,11,16, 복대동,"     5,000",         0,42.54,43113
2012,2019,11,17, 복대동,"     7,000",         0,49.5,43113
2016,2019,11,17, 복대동,"     5,500",         0,29.7,43113
2011,2019,11,18, 복대동,"     4,500",         0,33,43113
2000,2019,11,18, 복대동,"     2,000",        30,25.19,43113
2012,2019,11,18, 복대동,"     4,000",         0,30,43113
,2019,11,19, 복대동,"     4,000",         0,27.94,43113
2019,2019,11,19, 복대동,"     7,000",         0,40.91,43113
,2019,11,20, 복대동,"     2,500",         0,24.41,43113
2018,2019,11,20, 복대동,"     1,017",        22,118.4,43113
2017,2019,11,20, 복대동,       583,        11,65.39,43113
1985,2019,11,21, 복대동,"     1,000",        30,64.35,43113
2010,2019,11,21, 복대동,"     3,000",        30,49,43113
2005,2019,11,21, 복대동,"     1,500",        40,50,43113
1982,2019,11,21, 복대동,"    10,000",         0,81.9,43113
,2019,11,21, 복대동,"     7,500",         0,44.21,43113
,2019,11,22, 복대동,"     2,500",         0,35,43113
2016,2019,11,22, 복대동,"     4,000",         0,24.2,43113
2004,2019,11,22, 복대동,"     6,000",        10,49,43113
2001,2019,11,23, 복대동,"     2,500",         0,22,43113
2011,2019,11,23, 복대동,"     5,500",         0,33,43113
2016,2019,11,23, 복대동,"    15,000",         0,85,43113
2012,2019,11,23, 복대동,"     8,000",         0,55,43113
1991,2019,11,25, 복대동,"     5,000",         0,39,43113
,2019,11,25, 복대동,       100,        28,18,43113
2017,2019,11,25, 복대동,       500,        50,59.5,43113
1991,2019,11,26, 복대동,"     1,600",         0,13,43113
2016,2019,11,28, 복대동,"     4,000",         0,33,43113
,2019,11,28, 복대동,"     1,500",        20,37.48,43113
2019,2019,11,29, 복대동,"     1,000",        40,30,43113
2016,2019,11,29, 복대동,"     4,000",         0,29.7,43113
2008,2019,11,30, 복대동,"     4,000",         0,27,43113
2019,2019,12,1, 복대동,"     5,000",         0,23.2,43113
2000,2019,12,1, 복대동,       700,        50,120,43113
2017,2019,12,2, 복대동,"     7,000",         0,40,43113
,2019,12,2, 복대동,"     6,000",         0,61.89,43113
2009,2019,12,3, 복대동,       200,        32,33.05,43113
,2019,12,3, 복대동,"    12,000",         0,50,43113
2019,2019,12,3, 복대동,       200,        35,23.1,43113
,2019,12,4, 복대동,"    12,000",         0,50,43113
2008,2019,12,4, 복대동,       300,        33,36.6,43113
2019,2019,12,4, 복대동,"     3,000",        20,28,43113
2020,2019,12,4, 복대동,"    12,000",         0,50,43113
2017,2019,12,5, 복대동,       500,        48,40,43113
2019,2019,12,6, 복대동,"     7,000",         0,40.91,43113
1991,2019,12,6, 복대동,        50,        15,25,43113
2007,2019,12,7, 복대동,"     7,000",         0,40,43113
2003,2019,12,7, 복대동,"     3,000",         0,29,43113
2013,2019,12,7, 복대동,"     3,000",         0,25,43113
2010,2019,12,8, 복대동,"     4,500",         0,33,43113
2001,2019,12,8, 복대동,       200,        28,20,43113
2004,2019,12,9, 복대동,"     5,000",         0,50,43113
2014,2019,12,9, 복대동,"     5,000",         0,40,43113
,2019,12,9, 복대동,"     4,000",         0,24.81,43113
2011,2019,12,9, 복대동,"     4,000",         0,30,43113
2000,2019,12,9, 복대동,"     2,000",         0,24,43113
,2019,12,9, 복대동,"     6,000",         0,58.39,43113
2016,2019,12,10, 복대동,"     4,000",         0,33,43113
2016,2019,12,10, 복대동,"     4,000",         0,33,43113
2012,2019,12,10, 복대동,"     3,000",         0,16,43113
2011,2019,12,10, 복대동,"     4,000",         0,33,43113
2014,2019,12,10, 복대동,"     7,000",         0,55,43113
2008,2019,12,11, 복대동,"    10,000",         0,109,43113
2018,2019,12,11, 복대동,       500,        48,39.6,43113
2001,2019,12,11, 복대동,       200,        27,25,43113
2014,2019,12,12, 복대동,"     3,500",         0,28.05,43113
,2019,12,12, 복대동,"     3,500",         0,28.05,43113
2012,2019,12,13, 복대동,"     4,000",         0,25,43113
2019,2019,12,13, 복대동,       300,        36,25,43113
2019,2019,12,13, 복대동,"     6,000",         0,30,43113
2019,2019,12,13, 복대동,"     7,500",         0,45,43113
2013,2019,12,13, 복대동,"     4,000",         0,33,43113
2001,2019,12,14, 복대동,"     6,500",         0,70,43113
2015,2019,12,14, 복대동,"     6,500",         0,50,43113
2018,2019,12,14, 복대동,"     5,000",         0,20,43113
2014,2019,12,14, 복대동,       500,        41,40,43113
2012,2019,12,15, 복대동,       150,        30,30,43113
1999,2019,12,15, 복대동,"     7,500",         0,98.4,43113
2008,2019,12,15, 복대동,       500,        26,33,43113
2001,2019,12,15, 복대동,"     1,000",        30,35,43113
2001,2019,12,15, 복대동,"     2,500",         0,22,43113
2019,2019,12,16, 복대동,"     5,000",         0,25,43113
2003,2019,12,17, 복대동,       800,        40,52.8,43113
2017,2019,12,17, 복대동,"     1,783",         5,65.39,43113
2019,2019,12,17, 복대동,"     5,000",         0,20,43113
2013,2019,12,17, 복대동,"     4,000",         0,25,43113
2004,2019,12,17, 복대동,       300,        45,60.12,43113
2018,2019,12,18, 복대동,"     1,000",        30,11.5,43113
2018,2019,12,18, 복대동,"     5,000",         0,33,43113
2018,2019,12,18, 복대동,"     5,000",         0,20,43113
2019,2019,12,18, 복대동,"     5,000",         0,25,43113
2019,2019,12,19, 복대동,"     5,000",         0,28,43113
2019,2019,12,19, 복대동,"     5,000",         0,30,43113
2011,2019,12,20, 복대동,"    13,000",         0,135.06,43113
1993,2019,12,20, 복대동,"     4,000",         0,37,43113
2018,2019,12,20, 복대동,"     3,500",         0,18,43113
2014,2019,12,20, 복대동,"     3,500",         0,25,43113
2011,2019,12,20, 복대동,"     4,000",         0,35,43113
2013,2019,12,21, 복대동,       500,        50,45,43113
2011,2019,12,21, 복대동,"     3,300",         0,20,43113
2002,2019,12,21, 복대동,"     4,500",         0,55,43113
2013,2019,12,22, 복대동,"     4,000",         0,25,43113
2019,2019,12,22, 복대동,"     5,000",         0,30,43113
1994,2019,12,22, 복대동,"     2,500",         0,45,43113
2011,2019,12,22, 복대동,"     4,500",         0,50,43113
2010,2019,12,23, 복대동,"     5,000",         0,48,43113
2001,2019,12,23, 복대동,       100,        25,25.22,43113
,2019,12,23, 복대동,"     6,000",         0,55.02,43113
2016,2019,12,23, 복대동,       600,        30,30.12,43113
,2019,12,23, 복대동,"     2,500",         0,40.5,43113
,2019,12,23, 복대동,"     4,500",         0,49.22,43113
2019,2019,12,24, 복대동,"     5,000",         0,28,43113
2019,2019,12,24, 복대동,"     5,000",         0,30,43113
,2019,12,24, 복대동,"     3,500",         0,26.4,43113
1990,2019,12,24, 복대동,       300,        25,49,43113
2013,2019,12,25, 복대동,"     3,500",         0,25,43113
2020,2019,12,25, 복대동,"     5,500",         0,25,43113
2001,2019,12,25, 복대동,"     2,000",         0,26.45,43113
,2019,12,26, 복대동,"     6,000",         0,47.42,43113
2011,2019,12,26, 복대동,"     5,000",         0,24,43113
2019,2019,12,27, 복대동,"     7,000",         0,24,43113
2019,2019,12,27, 복대동,"     5,000",         0,16,43113
2012,2019,12,27, 복대동,"     4,000",         0,33,43113
,2019,12,27, 복대동,"     7,500",         0,80,43113
1995,2019,12,27, 복대동,"    13,000",         0,128.41,43113
2004,2019,12,27, 복대동,"     4,000",         0,40,43113
2019,2019,12,28, 복대동,"     5,000",         0,25,43113
2015,2019,12,28, 복대동,"     5,000",         0,30,43113
2019,2019,12,28, 복대동,"     5,000",         0,25,43113
2014,2019,12,28, 복대동,"     3,500",         0,18,43113
2018,2019,12,28, 복대동,"     4,300",         0,25,43113
1990,2019,12,29, 복대동,       500,        36,40,43113
2012,2019,12,29, 복대동,       200,        32,30,43113
2008,2019,12,29, 복대동,       300,        27,29.7,43113
2019,2019,12,29, 복대동,"     5,000",         0,20,43113
2013,2019,12,29, 복대동,"     3,000",         0,18,43113
2008,2019,12,29, 복대동,       200,        50,30,43113
2013,2019,12,31, 복대동,"     3,000",         0,16.53,43113
,2019,12,31, 복대동,"     8,500",         0,85,43113
2004,2020,1,1, 복대동,       500,        45,45,43113
2012,2020,1,2, 복대동,"     4,000",         0,31.5,43113
2018,2020,1,2, 복대동,"     4,500",         0,20,43113
2016,2020,1,2, 복대동,"     3,000",        33,46.2,43113
2014,2020,1,2, 복대동,"     7,500",         0,50,43113
2010,2020,1,2, 복대동,       200,        32,18,43113
2001,2020,1,2, 복대동,"    11,000",         0,128.44,43113
2019,2020,1,2, 복대동,       400,        45,37,43113
2016,2020,1,3, 복대동,       300,        35,30,43113
2012,2020,1,3, 복대동,       500,        52,50,43113
2019,2020,1,3, 복대동,       500,        60,56.17,43113
,2020,1,3, 복대동,"     4,000",         0,26.01,43113
2001,2020,1,3, 복대동,       100,        30,25,43113
2005,2020,1,3, 복대동,"     6,000",         0,60,43113
,2020,1,3, 복대동,"     4,500",         0,30.25,43113
2011,2020,1,4, 복대동,"     4,000",         0,30,43113
2014,2020,1,4, 복대동,"     2,000",        20,24,43113
2002,2020,1,5, 복대동,       200,        28,30,43113
2007,2020,1,5, 복대동,"     3,000",         0,31,43113
2009,2020,1,5, 복대동,"     5,000",         0,50,43113
2014,2020,1,5, 복대동,"     3,000",         0,15.45,43113
2017,2020,1,5, 복대동,"     3,800",         0,25,43113
2001,2020,1,5, 복대동,"     7,000",         0,40,43113
2016,2020,1,6, 복대동,"    18,000",         0,142,43113
2019,2020,1,6, 복대동,"     5,000",         0,18,43113
2019,2020,1,6, 복대동,"     8,500",         0,56,43113
2013,2020,1,6, 복대동,"     4,000",         0,20,43113
2013,2020,1,6, 복대동,"     3,000",         0,20.09,43113
2015,2020,1,6, 복대동,"     4,000",         0,25,43113
,2020,1,6, 복대동,"     4,000",         0,30.04,43113
2001,2020,1,6, 복대동,       300,        15,23.1,43113
2001,2020,1,6, 복대동,"     2,000",         0,30,43113
2007,2020,1,6, 복대동,"     5,000",         0,39,43113
2019,2020,1,6, 복대동,"     5,000",         0,18,43113
,2020,1,6, 복대동,"     2,000",         0,25.12,43113
2016,2020,1,7, 복대동,"     5,500",         0,29.7,43113
1989,2020,1,7, 복대동,       300,         0,10,43113
2016,2020,1,7, 복대동,"     5,000",         0,29.7,43113
2014,2020,1,7, 복대동,"     3,000",         0,25,43113
2002,2020,1,8, 복대동,"     3,000",         0,30.2,43113
2013,2020,1,8, 복대동,"     3,500",         0,16.53,43113
2014,2020,1,9, 복대동,       100,        24,25,43113
2019,2020,1,9, 복대동,"     5,000",         0,30,43113
2007,2020,1,10, 복대동,"     4,500",         0,25,43113
2019,2020,1,10, 복대동,"     5,000",         0,30,43113
2019,2020,1,10, 복대동,       800,         4,24.39,43113
2020,2020,1,10, 복대동,"     6,500",         0,30,43113
2011,2020,1,10, 복대동,       200,        34,21,43113
2003,2020,1,10, 복대동,"     3,000",        31,90,43113
2013,2020,1,11, 복대동,"     3,000",         0,18,43113
2016,2020,1,11, 복대동,"    15,000",         0,132.95,43113
2002,2020,1,11, 복대동,       200,        28,28,43113
2015,2020,1,11, 복대동,"     3,000",         0,25,43113
2012,2020,1,12, 복대동,"     4,500",         0,30,43113
2010,2020,1,13, 복대동,"     4,000",         0,38,43113
,2020,1,13, 복대동,"     5,000",         0,17.79,43113
2017,2020,1,13, 복대동,"     4,500",         0,18,43113
2015,2020,1,13, 복대동,"     4,500",         0,30,43113
2020,2020,1,14, 복대동,"     1,000",        32,28.12,43113
1990,2020,1,14, 복대동,"     2,700",         0,43,43113
2010,2020,1,14, 복대동,"     3,000",         3,20,43113
2011,2020,1,15, 복대동,"     1,000",        20,20,43113
2013,2020,1,16, 복대동,       100,        36,25,43113
2017,2020,1,16, 복대동,"     1,500",        43,45,43113
2012,2020,1,16, 복대동,"     6,000",         0,50,43113
2016,2020,1,16, 복대동,"     5,000",         0,25,43113
1981,2020,1,16, 복대동,       100,        31,26,43113
2015,2020,1,17, 복대동,"     3,000",         0,15,43113
2000,2020,1,17, 복대동,"     2,500",         0,23.44,43113
2012,2020,1,18, 복대동,"     3,500",         0,26,43113
2017,2020,1,18, 복대동,"     4,000",         0,22,43113
2017,2020,1,18, 복대동,       200,        33,12,43113
2012,2020,1,18, 복대동,"     3,500",         0,26,43113
1991,2020,1,18, 복대동,"     3,000",         0,39.14,43113
2017,2020,1,18, 복대동,"     5,000",         0,30,43113
2016,2020,1,19, 복대동,"     9,000",         0,52.8,43113
2012,2020,1,19, 복대동,"    15,000",         0,120,43113
2011,2020,1,20, 복대동,       500,        42,45,43113
2016,2020,1,20, 복대동,"     2,000",        25,33,43113
2017,2020,1,20, 복대동,"     5,000",         0,20,43113
2018,2020,1,21, 복대동,"     5,000",         0,20,43113
2011,2020,1,21, 복대동,       100,        30,18,43113
2017,2020,1,21, 복대동,"     4,000",         0,14,43113
2017,2020,1,21, 복대동,       635,        13,70.09,43113
2002,2020,1,21, 복대동,"     2,000",         0,45,43113
,2020,1,21, 복대동,"     4,500",         0,37.17,43113
2018,2020,1,22, 복대동,"     5,000",         0,20,43113
2018,2020,1,22, 복대동,"     5,000",         0,20,43113
2014,2020,1,22, 복대동,"     3,000",         0,26,43113
,2020,1,22, 복대동,"     5,000",         0,52.39,43113
2020,2020,1,22, 복대동,"     8,000",         0,39.6,43113
2003,2020,1,22, 복대동,"     4,500",         0,43,43113
2013,2020,1,23, 복대동,"     4,000",         0,20,43113
2013,2020,1,23, 복대동,       300,        30,30,43113
2010,2020,1,27, 복대동,       200,        30,18,43113
2017,2020,1,28, 복대동,"    13,000",         0,138.6,43113
2015,2020,1,28, 복대동,"     4,000",         0,25,43113
2011,2020,1,28, 복대동,"     3,500",         0,20,43113
,2020,1,28, 복대동,"     3,500",         0,25.95,43113
1992,2020,1,28, 복대동,"     1,500",         8,35,43113
2015,2020,1,28, 복대동,"     4,500",         0,23.1,43113
2011,2020,1,28, 복대동,"     3,200",         0,20,43113
2012,2020,1,28, 복대동,"     3,500",         0,25.95,43113
2019,2020,1,28, 복대동,"     5,000",         0,25,43113
2007,2020,1,29, 복대동,"     4,300",         0,50,43113
2020,2020,1,29, 복대동,"     5,500",         0,25,43113
2011,2020,1,29, 복대동,"     3,000",         0,20,43113
2014,2020,1,29, 복대동,"     4,000",         0,25,43113
2008,2020,1,29, 복대동,       100,        37,45,43113
2013,2020,1,29, 복대동,"     4,500",         0,47.01,43113
2007,2020,1,30, 복대동,"     4,500",         0,37,43113
2016,2020,1,30, 복대동,"     4,000",         0,12,43113
2017,2020,1,30, 복대동,"     7,000",         0,46.8,43113
2002,2020,1,30, 복대동,"     5,000",         0,59,43113
2020,2020,1,30, 복대동,"     5,500",         0,25,43113
2012,2020,1,31, 복대동,"     3,500",         0,25,43113
