시군구,번지,단지명,전월세구분,전용면적(㎡),계약년월,계약일,보증금(만원),월세(만원),층,건축년도,도로명
충청북도 청주흥덕구 복대동,870-5,"	(870-5)	",전세,43.68,201912,25,"6,000",0,3,2014,사직대로 62
충청북도 청주흥덕구 복대동,3337,-3337,전세,50.89,201906,15,"2,000",0,6,2015,죽천로 127
충청북도 청주흥덕구 복대동,3337,-3337,전세,31.65,201906,26,"5,000",0,4,2015,죽천로 127
충청북도 청주흥덕구 복대동,3337,-3337,월세,54.96,201912,9,"1,000",55,4,2015,죽천로 127
충청북도 청주흥덕구 복대동,288-62,대농지구 롯데캐슬시티,월세,37.16,201905,2,"2,000",47,11,2017,진재로 141
충청북도 청주흥덕구 복대동,288-62,대농지구 롯데캐슬시티,전세,48.35,201905,9,"17,500",0,5,2017,진재로 141
충청북도 청주흥덕구 복대동,288-62,대농지구 롯데캐슬시티,전세,48.35,201905,18,"17,500",0,10,2017,진재로 141
충청북도 청주흥덕구 복대동,288-62,대농지구 롯데캐슬시티,전세,28.47,201905,19,"10,000",0,11,2017,진재로 141
충청북도 청주흥덕구 복대동,288-62,대농지구 롯데캐슬시티,전세,48.35,201905,25,"15,000",0,9,2017,진재로 141
충청북도 청주흥덕구 복대동,288-62,대농지구 롯데캐슬시티,전세,48.35,201905,28,"18,000",0,13,2017,진재로 141
충청북도 청주흥덕구 복대동,288-62,대농지구 롯데캐슬시티,월세,48.35,201905,28,"7,000",40,3,2017,진재로 141
충청북도 청주흥덕구 복대동,288-62,대농지구 롯데캐슬시티,전세,28.47,201906,12,"11,000",0,7,2017,진재로 141
충청북도 청주흥덕구 복대동,288-62,대농지구 롯데캐슬시티,전세,50.53,201906,13,"18,000",0,13,2017,진재로 141
충청북도 청주흥덕구 복대동,288-62,대농지구 롯데캐슬시티,전세,48.35,201906,13,"18,000",0,4,2017,진재로 141
충청북도 청주흥덕구 복대동,288-62,대농지구 롯데캐슬시티,전세,48.35,201906,16,"18,000",0,9,2017,진재로 141
충청북도 청주흥덕구 복대동,288-62,대농지구 롯데캐슬시티,전세,48.35,201906,27,"18,000",0,13,2017,진재로 141
충청북도 청주흥덕구 복대동,288-62,대농지구 롯데캐슬시티,월세,28.47,201907,1,500,47,4,2017,진재로 141
충청북도 청주흥덕구 복대동,288-62,대농지구 롯데캐슬시티,전세,33.45,201907,6,"12,000",0,11,2017,진재로 141
충청북도 청주흥덕구 복대동,288-62,대농지구 롯데캐슬시티,전세,33.45,201907,10,"12,000",0,3,2017,진재로 141
충청북도 청주흥덕구 복대동,288-62,대농지구 롯데캐슬시티,전세,48.35,201907,16,"17,000",0,13,2017,진재로 141
충청북도 청주흥덕구 복대동,288-62,대농지구 롯데캐슬시티,월세,48.35,201907,17,"3,000",55,14,2017,진재로 141
충청북도 청주흥덕구 복대동,288-62,대농지구 롯데캐슬시티,전세,48.35,201907,18,"17,000",0,3,2017,진재로 141
충청북도 청주흥덕구 복대동,288-62,대농지구 롯데캐슬시티,월세,48.35,201907,19,500,70,5,2017,진재로 141
충청북도 청주흥덕구 복대동,288-62,대농지구 롯데캐슬시티,월세,50.53,201908,6,"5,000",45,5,2017,진재로 141
충청북도 청주흥덕구 복대동,288-62,대농지구 롯데캐슬시티,전세,50.53,201908,10,"18,000",0,12,2017,진재로 141
충청북도 청주흥덕구 복대동,288-62,대농지구 롯데캐슬시티,월세,33.45,201908,10,500,50,4,2017,진재로 141
충청북도 청주흥덕구 복대동,288-62,대농지구 롯데캐슬시티,전세,50.53,201908,15,"17,500",0,4,2017,진재로 141
충청북도 청주흥덕구 복대동,288-62,대농지구 롯데캐슬시티,전세,33.45,201908,15,"11,500",0,9,2017,진재로 141
충청북도 청주흥덕구 복대동,288-62,대농지구 롯데캐슬시티,전세,33.45,201908,16,"10,000",0,3,2017,진재로 141
충청북도 청주흥덕구 복대동,288-62,대농지구 롯데캐슬시티,전세,48.35,201908,20,"16,000",0,8,2017,진재로 141
충청북도 청주흥덕구 복대동,288-62,대농지구 롯데캐슬시티,전세,33.45,201908,24,"11,000",0,7,2017,진재로 141
충청북도 청주흥덕구 복대동,288-62,대농지구 롯데캐슬시티,전세,33.45,201908,27,"11,500",0,5,2017,진재로 141
충청북도 청주흥덕구 복대동,288-62,대농지구 롯데캐슬시티,월세,44.96,201908,28,"3,000",60,13,2017,진재로 141
충청북도 청주흥덕구 복대동,288-62,대농지구 롯데캐슬시티,전세,44.09,201909,4,"17,000",0,15,2017,진재로 141
충청북도 청주흥덕구 복대동,288-62,대농지구 롯데캐슬시티,전세,28.47,201909,6,"10,500",0,15,2017,진재로 141
충청북도 청주흥덕구 복대동,288-62,대농지구 롯데캐슬시티,전세,28.47,201909,7,"11,000",0,11,2017,진재로 141
충청북도 청주흥덕구 복대동,288-62,대농지구 롯데캐슬시티,전세,33.45,201909,11,"13,000",0,4,2017,진재로 141
충청북도 청주흥덕구 복대동,288-62,대농지구 롯데캐슬시티,전세,40.84,201909,11,"15,000",0,10,2017,진재로 141
충청북도 청주흥덕구 복대동,288-62,대농지구 롯데캐슬시티,전세,53,201909,15,"18,000",0,4,2017,진재로 141
충청북도 청주흥덕구 복대동,288-62,대농지구 롯데캐슬시티,월세,44.96,201909,17,500,70,6,2017,진재로 141
충청북도 청주흥덕구 복대동,288-62,대농지구 롯데캐슬시티,전세,48.35,201909,18,"17,500",0,8,2017,진재로 141
충청북도 청주흥덕구 복대동,288-62,대농지구 롯데캐슬시티,전세,28.47,201909,22,"11,000",0,5,2017,진재로 141
충청북도 청주흥덕구 복대동,288-62,대농지구 롯데캐슬시티,전세,44.96,201909,23,"17,000",0,13,2017,진재로 141
충청북도 청주흥덕구 복대동,288-62,대농지구 롯데캐슬시티,전세,28.47,201909,24,"11,000",0,14,2017,진재로 141
충청북도 청주흥덕구 복대동,288-62,대농지구 롯데캐슬시티,전세,48.35,201909,28,"17,000",0,9,2017,진재로 141
충청북도 청주흥덕구 복대동,288-62,대농지구 롯데캐슬시티,전세,33.45,201910,3,"13,000",0,3,2017,진재로 141
충청북도 청주흥덕구 복대동,288-62,대농지구 롯데캐슬시티,전세,33.45,201910,5,"11,000",0,12,2017,진재로 141
충청북도 청주흥덕구 복대동,288-62,대농지구 롯데캐슬시티,월세,44.09,201910,6,"1,000",80,3,2017,진재로 141
충청북도 청주흥덕구 복대동,288-62,대농지구 롯데캐슬시티,전세,33.45,201910,11,"12,000",0,4,2017,진재로 141
충청북도 청주흥덕구 복대동,288-62,대농지구 롯데캐슬시티,전세,33.45,201910,12,"11,000",0,11,2017,진재로 141
충청북도 청주흥덕구 복대동,288-62,대농지구 롯데캐슬시티,전세,48.35,201910,15,"17,000",0,12,2017,진재로 141
충청북도 청주흥덕구 복대동,288-62,대농지구 롯데캐슬시티,월세,33.45,201910,16,300,50,5,2017,진재로 141
충청북도 청주흥덕구 복대동,288-62,대농지구 롯데캐슬시티,월세,28.47,201910,20,400,48,9,2017,진재로 141
충청북도 청주흥덕구 복대동,288-62,대농지구 롯데캐슬시티,전세,53,201910,21,"17,000",0,9,2017,진재로 141
충청북도 청주흥덕구 복대동,288-62,대농지구 롯데캐슬시티,전세,28.47,201910,24,"11,000",0,8,2017,진재로 141
충청북도 청주흥덕구 복대동,288-62,대농지구 롯데캐슬시티,월세,33.45,201910,24,"1,000",50,14,2017,진재로 141
충청북도 청주흥덕구 복대동,288-62,대농지구 롯데캐슬시티,전세,33.45,201910,24,"11,000",0,3,2017,진재로 141
충청북도 청주흥덕구 복대동,288-62,대농지구 롯데캐슬시티,월세,44.96,201910,25,"3,000",50,14,2017,진재로 141
충청북도 청주흥덕구 복대동,288-62,대농지구 롯데캐슬시티,전세,44.96,201910,27,"17,000",0,13,2017,진재로 141
충청북도 청주흥덕구 복대동,288-62,대농지구 롯데캐슬시티,전세,28.47,201910,28,"12,000",0,11,2017,진재로 141
충청북도 청주흥덕구 복대동,288-62,대농지구 롯데캐슬시티,월세,48.35,201910,29,"5,000",45,9,2017,진재로 141
충청북도 청주흥덕구 복대동,288-62,대농지구 롯데캐슬시티,월세,44.96,201910,31,"3,000",45,9,2017,진재로 141
충청북도 청주흥덕구 복대동,288-62,대농지구 롯데캐슬시티,월세,33.45,201911,2,"3,000",35,15,2017,진재로 141
충청북도 청주흥덕구 복대동,288-62,대농지구 롯데캐슬시티,월세,33.45,201911,3,"3,000",30,11,2017,진재로 141
충청북도 청주흥덕구 복대동,288-62,대농지구 롯데캐슬시티,전세,44.09,201911,4,"15,000",0,11,2017,진재로 141
충청북도 청주흥덕구 복대동,288-62,대농지구 롯데캐슬시티,월세,37.16,201911,6,"3,000",40,6,2017,진재로 141
충청북도 청주흥덕구 복대동,288-62,대농지구 롯데캐슬시티,전세,48.35,201911,7,"17,000",0,15,2017,진재로 141
충청북도 청주흥덕구 복대동,288-62,대농지구 롯데캐슬시티,전세,33.45,201911,10,"12,000",0,3,2017,진재로 141
충청북도 청주흥덕구 복대동,288-62,대농지구 롯데캐슬시티,전세,50.53,201911,13,"18,000",0,13,2017,진재로 141
충청북도 청주흥덕구 복대동,288-62,대농지구 롯데캐슬시티,전세,33.45,201911,14,"11,000",0,11,2017,진재로 141
충청북도 청주흥덕구 복대동,288-62,대농지구 롯데캐슬시티,월세,33.45,201911,15,300,60,15,2017,진재로 141
충청북도 청주흥덕구 복대동,288-62,대농지구 롯데캐슬시티,전세,44.96,201911,16,"17,000",0,8,2017,진재로 141
충청북도 청주흥덕구 복대동,288-62,대농지구 롯데캐슬시티,전세,28.47,201911,23,"11,000",0,13,2017,진재로 141
충청북도 청주흥덕구 복대동,288-62,대농지구 롯데캐슬시티,월세,50.53,201911,23,"1,000",70,13,2017,진재로 141
충청북도 청주흥덕구 복대동,288-62,대농지구 롯데캐슬시티,전세,48.35,201912,4,"18,000",0,12,2017,진재로 141
충청북도 청주흥덕구 복대동,288-62,대농지구 롯데캐슬시티,월세,33.45,201912,7,"3,000",35,10,2017,진재로 141
충청북도 청주흥덕구 복대동,288-62,대농지구 롯데캐슬시티,전세,48.35,201912,9,"17,000",0,5,2017,진재로 141
충청북도 청주흥덕구 복대동,288-62,대농지구 롯데캐슬시티,전세,28.47,201912,10,"10,500",0,7,2017,진재로 141
충청북도 청주흥덕구 복대동,288-62,대농지구 롯데캐슬시티,월세,28.47,201912,14,"3,000",30,12,2017,진재로 141
충청북도 청주흥덕구 복대동,288-62,대농지구 롯데캐슬시티,월세,33.45,201912,14,400,45,4,2017,진재로 141
충청북도 청주흥덕구 복대동,288-62,대농지구 롯데캐슬시티,전세,44.96,201912,18,"16,500",0,8,2017,진재로 141
충청북도 청주흥덕구 복대동,288-62,대농지구 롯데캐슬시티,전세,33.45,201912,18,"11,000",0,6,2017,진재로 141
충청북도 청주흥덕구 복대동,288-62,대농지구 롯데캐슬시티,월세,33.45,201912,19,"3,000",35,10,2017,진재로 141
충청북도 청주흥덕구 복대동,288-62,대농지구 롯데캐슬시티,전세,28.47,201912,21,"11,000",0,8,2017,진재로 141
충청북도 청주흥덕구 복대동,288-62,대농지구 롯데캐슬시티,월세,37.16,201912,26,500,65,5,2017,진재로 141
충청북도 청주흥덕구 복대동,288-62,대농지구 롯데캐슬시티,전세,44.96,201912,30,"16,000",0,9,2017,진재로 141
충청북도 청주흥덕구 복대동,288-62,대농지구 롯데캐슬시티,월세,37.16,202001,2,"3,000",40,13,2017,진재로 141
충청북도 청주흥덕구 복대동,288-62,대농지구 롯데캐슬시티,월세,33.45,202001,3,"1,500",30,12,2017,진재로 141
충청북도 청주흥덕구 복대동,288-62,대농지구 롯데캐슬시티,월세,33.45,202001,4,"3,000",32,7,2017,진재로 141
충청북도 청주흥덕구 복대동,288-62,대농지구 롯데캐슬시티,월세,50.53,202001,5,500,70,3,2017,진재로 141
충청북도 청주흥덕구 복대동,288-62,대농지구 롯데캐슬시티,월세,33.45,202001,6,500,45,14,2017,진재로 141
충청북도 청주흥덕구 복대동,288-62,대농지구 롯데캐슬시티,월세,44.96,202001,6,"1,000",65,7,2017,진재로 141
충청북도 청주흥덕구 복대동,288-62,대농지구 롯데캐슬시티,전세,40.84,202001,7,"16,000",0,3,2017,진재로 141
충청북도 청주흥덕구 복대동,288-62,대농지구 롯데캐슬시티,전세,44.96,202001,8,"16,000",0,9,2017,진재로 141
충청북도 청주흥덕구 복대동,288-62,대농지구 롯데캐슬시티,전세,44.96,202001,8,"17,500",0,5,2017,진재로 141
충청북도 청주흥덕구 복대동,288-62,대농지구 롯데캐슬시티,전세,44.96,202001,9,"17,000",0,11,2017,진재로 141
충청북도 청주흥덕구 복대동,288-62,대농지구 롯데캐슬시티,월세,33.45,202001,13,"9,000",10,3,2017,진재로 141
충청북도 청주흥덕구 복대동,288-62,대농지구 롯데캐슬시티,월세,40.84,202001,14,"3,000",40,15,2017,진재로 141
충청북도 청주흥덕구 복대동,288-62,대농지구 롯데캐슬시티,월세,28.47,202001,15,500,42,13,2017,진재로 141
충청북도 청주흥덕구 복대동,288-62,대농지구 롯데캐슬시티,월세,33.45,202001,16,500,45,14,2017,진재로 141
충청북도 청주흥덕구 복대동,288-62,대농지구 롯데캐슬시티,전세,33.45,202001,17,"12,000",0,4,2017,진재로 141
충청북도 청주흥덕구 복대동,288-62,대농지구 롯데캐슬시티,전세,33.45,202001,18,"11,000",0,11,2017,진재로 141
충청북도 청주흥덕구 복대동,288-62,대농지구 롯데캐슬시티,전세,33.45,202001,18,"11,000",0,10,2017,진재로 141
충청북도 청주흥덕구 복대동,288-62,대농지구 롯데캐슬시티,월세,48.35,202001,19,"4,000",50,14,2017,진재로 141
충청북도 청주흥덕구 복대동,288-62,대농지구 롯데캐슬시티,전세,37.16,202001,20,"15,000",0,7,2017,진재로 141
충청북도 청주흥덕구 복대동,288-62,대농지구 롯데캐슬시티,전세,28.47,202001,23,"11,000",0,8,2017,진재로 141
충청북도 청주흥덕구 복대동,288-62,대농지구 롯데캐슬시티,전세,37.16,202001,23,"15,000",0,13,2017,진재로 141
충청북도 청주흥덕구 복대동,288-62,대농지구 롯데캐슬시티,전세,48.35,202001,29,"18,000",0,11,2017,진재로 141
충청북도 청주흥덕구 복대동,288-62,대농지구 롯데캐슬시티,월세,33.45,202001,31,500,50,15,2017,진재로 141
충청북도 청주흥덕구 복대동,288-62,대농지구 롯데캐슬시티,전세,44.96,202002,1,"17,000",0,15,2017,진재로 141
충청북도 청주흥덕구 복대동,288-62,대농지구 롯데캐슬시티,전세,48.35,202002,3,"18,000",0,11,2017,진재로 141
충청북도 청주흥덕구 복대동,288-62,대농지구 롯데캐슬시티,월세,28.47,202002,4,500,45,3,2017,진재로 141
충청북도 청주흥덕구 복대동,288-62,대농지구 롯데캐슬시티,전세,40.84,202002,10,"15,000",0,10,2017,진재로 141
충청북도 청주흥덕구 복대동,288-62,대농지구 롯데캐슬시티,전세,48.35,202002,10,"19,000",0,13,2017,진재로 141
충청북도 청주흥덕구 복대동,288-62,대농지구 롯데캐슬시티,전세,33.45,202002,13,"11,000",0,11,2017,진재로 141
충청북도 청주흥덕구 복대동,288-62,대농지구 롯데캐슬시티,월세,44.09,202002,16,"1,000",70,12,2017,진재로 141
충청북도 청주흥덕구 복대동,288-62,대농지구 롯데캐슬시티,월세,44.09,202002,16,500,70,12,2017,진재로 141
충청북도 청주흥덕구 복대동,288-62,대농지구 롯데캐슬시티,전세,48.35,202002,17,"18,000",0,6,2017,진재로 141
충청북도 청주흥덕구 복대동,288-62,대농지구 롯데캐슬시티,전세,33.45,202002,21,"12,000",0,8,2017,진재로 141
충청북도 청주흥덕구 복대동,288-62,대농지구 롯데캐슬시티,전세,48.35,202002,22,"18,500",0,13,2017,진재로 141
충청북도 청주흥덕구 복대동,288-62,대농지구 롯데캐슬시티,전세,33.45,202002,24,"13,000",0,15,2017,진재로 141
충청북도 청주흥덕구 복대동,288-62,대농지구 롯데캐슬시티,월세,48.35,202002,24,"1,000",75,5,2017,진재로 141
충청북도 청주흥덕구 복대동,288-62,대농지구 롯데캐슬시티,전세,33.45,202002,26,"11,000",0,4,2017,진재로 141
충청북도 청주흥덕구 복대동,288-62,대농지구 롯데캐슬시티,전세,48.35,202002,27,"18,000",0,10,2017,진재로 141
충청북도 청주흥덕구 복대동,288-62,대농지구 롯데캐슬시티,월세,53,202002,28,"10,000",30,11,2017,진재로 141
충청북도 청주흥덕구 복대동,288-62,대농지구 롯데캐슬시티,전세,33.45,202002,29,"12,000",0,9,2017,진재로 141
충청북도 청주흥덕구 복대동,288-62,대농지구 롯데캐슬시티,전세,48.35,202003,1,"19,000",0,13,2017,진재로 141
충청북도 청주흥덕구 복대동,288-62,대농지구 롯데캐슬시티,월세,33.45,202003,6,300,45,5,2017,진재로 141
충청북도 청주흥덕구 복대동,288-62,대농지구 롯데캐슬시티,전세,48.35,202003,8,"17,500",0,7,2017,진재로 141
충청북도 청주흥덕구 복대동,288-62,대농지구 롯데캐슬시티,전세,33.45,202003,10,"12,500",0,14,2017,진재로 141
충청북도 청주흥덕구 복대동,288-62,대농지구 롯데캐슬시티,전세,33.45,202003,17,"11,000",0,6,2017,진재로 141
충청북도 청주흥덕구 복대동,288-62,대농지구 롯데캐슬시티,전세,33.45,202003,21,"12,000",0,7,2017,진재로 141
충청북도 청주흥덕구 복대동,288-62,대농지구 롯데캐슬시티,월세,37.16,202003,27,500,60,4,2017,진재로 141
충청북도 청주흥덕구 복대동,288-62,대농지구 롯데캐슬시티,월세,33.45,202003,31,"3,000",33,7,2017,진재로 141
충청북도 청주흥덕구 복대동,288-62,대농지구 롯데캐슬시티,전세,48.35,202004,2,"17,500",0,4,2017,진재로 141
충청북도 청주흥덕구 복대동,288-62,대농지구 롯데캐슬시티,전세,33.45,202004,3,"11,500",0,13,2017,진재로 141
충청북도 청주흥덕구 복대동,288-62,대농지구 롯데캐슬시티,전세,33.45,202004,4,"12,000",0,3,2017,진재로 141
충청북도 청주흥덕구 복대동,288-62,대농지구 롯데캐슬시티,전세,50.53,202004,19,"18,500",0,10,2017,진재로 141
충청북도 청주흥덕구 복대동,288-62,대농지구 롯데캐슬시티,전세,44.96,202004,24,"17,300",0,7,2017,진재로 141
충청북도 청주흥덕구 복대동,288-119,주건축물제1동(288-119),월세,27.59,201906,28,500,40,5,2014,대농로 56
충청북도 청주흥덕구 복대동,288-119,주건축물제1동(288-119),월세,28.94,202003,2,300,33,9,2014,대농로 56
충청북도 청주흥덕구 복대동,288-119,주건축물제1동(288-119),월세,27.59,202003,23,400,37,11,2014,대농로 56
충청북도 청주흥덕구 복대동,288-66,지웰에스테이트 오피스텔,월세,29.24,201905,4,500,45,8,2016,진재로 131
충청북도 청주흥덕구 복대동,288-66,지웰에스테이트 오피스텔,전세,27,201905,5,"7,000",0,14,2016,진재로 131
충청북도 청주흥덕구 복대동,288-66,지웰에스테이트 오피스텔,월세,32.91,201905,7,500,42,7,2016,진재로 131
충청북도 청주흥덕구 복대동,288-66,지웰에스테이트 오피스텔,전세,28.52,201905,19,"10,000",0,8,2016,진재로 131
충청북도 청주흥덕구 복대동,288-66,지웰에스테이트 오피스텔,월세,27.61,201905,30,500,44,8,2016,진재로 131
충청북도 청주흥덕구 복대동,288-66,지웰에스테이트 오피스텔,전세,29.24,201905,31,"11,500",0,13,2016,진재로 131
충청북도 청주흥덕구 복대동,288-66,지웰에스테이트 오피스텔,월세,32.91,201906,5,500,40,12,2016,진재로 131
충청북도 청주흥덕구 복대동,288-66,지웰에스테이트 오피스텔,전세,32.91,201906,12,"12,000",0,5,2016,진재로 131
충청북도 청주흥덕구 복대동,288-66,지웰에스테이트 오피스텔,월세,28.52,201906,17,500,40,5,2016,진재로 131
충청북도 청주흥덕구 복대동,288-66,지웰에스테이트 오피스텔,전세,30.33,201906,17,"9,800",0,7,2016,진재로 131
충청북도 청주흥덕구 복대동,288-66,지웰에스테이트 오피스텔,전세,29.24,201906,17,"9,150",0,13,2016,진재로 131
충청북도 청주흥덕구 복대동,288-66,지웰에스테이트 오피스텔,전세,45.28,201906,20,"15,000",0,13,2016,진재로 131
충청북도 청주흥덕구 복대동,288-66,지웰에스테이트 오피스텔,월세,27.61,201906,28,300,42,4,2016,진재로 131
충청북도 청주흥덕구 복대동,288-66,지웰에스테이트 오피스텔,전세,27.61,201907,2,"9,500",0,9,2016,진재로 131
충청북도 청주흥덕구 복대동,288-66,지웰에스테이트 오피스텔,전세,28.8,201907,13,"10,000",0,4,2016,진재로 131
충청북도 청주흥덕구 복대동,288-66,지웰에스테이트 오피스텔,월세,32.91,201907,22,500,48,3,2016,진재로 131
충청북도 청주흥덕구 복대동,288-66,지웰에스테이트 오피스텔,전세,29.24,201908,1,"7,500",0,15,2016,진재로 131
충청북도 청주흥덕구 복대동,288-66,지웰에스테이트 오피스텔,전세,25.23,201908,1,"9,000",0,2,2016,진재로 131
충청북도 청주흥덕구 복대동,288-66,지웰에스테이트 오피스텔,월세,28.52,201908,7,300,42,3,2016,진재로 131
충청북도 청주흥덕구 복대동,288-66,지웰에스테이트 오피스텔,월세,55,201908,7,"4,000",40,3,2016,진재로 131
충청북도 청주흥덕구 복대동,288-66,지웰에스테이트 오피스텔,월세,55,201908,7,"4,000",40,3,2016,진재로 131
충청북도 청주흥덕구 복대동,288-66,지웰에스테이트 오피스텔,전세,30.33,201908,12,"11,000",0,6,2016,진재로 131
충청북도 청주흥덕구 복대동,288-66,지웰에스테이트 오피스텔,월세,32.91,201908,15,500,50,12,2016,진재로 131
충청북도 청주흥덕구 복대동,288-66,지웰에스테이트 오피스텔,전세,30.33,201908,15,"11,000",0,2,2016,진재로 131
충청북도 청주흥덕구 복대동,288-66,지웰에스테이트 오피스텔,전세,25.23,201909,7,"9,370",0,12,2016,진재로 131
충청북도 청주흥덕구 복대동,288-66,지웰에스테이트 오피스텔,월세,32.91,201909,8,500,44,8,2016,진재로 131
충청북도 청주흥덕구 복대동,288-66,지웰에스테이트 오피스텔,전세,30.33,201909,16,"11,000",0,10,2016,진재로 131
충청북도 청주흥덕구 복대동,288-66,지웰에스테이트 오피스텔,월세,30.33,201909,23,"7,500",10,2,2016,진재로 131
충청북도 청주흥덕구 복대동,288-66,지웰에스테이트 오피스텔,전세,32.06,201909,26,"8,900",0,15,2016,진재로 131
충청북도 청주흥덕구 복대동,288-66,지웰에스테이트 오피스텔,전세,30.33,201909,27,"10,800",0,4,2016,진재로 131
충청북도 청주흥덕구 복대동,288-66,지웰에스테이트 오피스텔,전세,27,201909,29,"7,000",0,14,2016,진재로 131
충청북도 청주흥덕구 복대동,288-66,지웰에스테이트 오피스텔,전세,28.52,201909,30,"9,500",0,7,2016,진재로 131
충청북도 청주흥덕구 복대동,288-66,지웰에스테이트 오피스텔,전세,29.24,201910,2,"9,450",0,5,2016,진재로 131
충청북도 청주흥덕구 복대동,288-66,지웰에스테이트 오피스텔,월세,28.52,201910,5,"3,000",23,9,2016,진재로 131
충청북도 청주흥덕구 복대동,288-66,지웰에스테이트 오피스텔,전세,29.24,201910,10,"8,000",0,6,2016,진재로 131
충청북도 청주흥덕구 복대동,288-66,지웰에스테이트 오피스텔,월세,30.33,201910,12,500,44,9,2016,진재로 131
충청북도 청주흥덕구 복대동,288-66,지웰에스테이트 오피스텔,월세,32.06,201910,16,500,45,4,2016,진재로 131
충청북도 청주흥덕구 복대동,288-66,지웰에스테이트 오피스텔,전세,30.33,201910,16,"10,500",0,3,2016,진재로 131
충청북도 청주흥덕구 복대동,288-66,지웰에스테이트 오피스텔,전세,52.09,201910,20,"15,000",0,13,2016,진재로 131
충청북도 청주흥덕구 복대동,288-66,지웰에스테이트 오피스텔,전세,28.52,201910,22,"10,000",0,10,2016,진재로 131
충청북도 청주흥덕구 복대동,288-66,지웰에스테이트 오피스텔,전세,28.8,201910,24,"10,000",0,12,2016,진재로 131
충청북도 청주흥덕구 복대동,288-66,지웰에스테이트 오피스텔,전세,32.91,201910,30,"10,500",0,9,2016,진재로 131
충청북도 청주흥덕구 복대동,288-66,지웰에스테이트 오피스텔,전세,25.23,201911,8,"9,000",0,10,2016,진재로 131
충청북도 청주흥덕구 복대동,288-66,지웰에스테이트 오피스텔,전세,32.91,201911,11,"11,000",0,12,2016,진재로 131
충청북도 청주흥덕구 복대동,288-66,지웰에스테이트 오피스텔,월세,44.92,201911,15,500,60,15,2016,진재로 131
충청북도 청주흥덕구 복대동,288-66,지웰에스테이트 오피스텔,전세,29.24,201911,19,"8,000",0,13,2016,진재로 131
충청북도 청주흥덕구 복대동,288-66,지웰에스테이트 오피스텔,전세,27.61,201911,20,"10,000",0,7,2016,진재로 131
충청북도 청주흥덕구 복대동,288-66,지웰에스테이트 오피스텔,전세,27.61,201911,24,"9,000",0,12,2016,진재로 131
충청북도 청주흥덕구 복대동,288-66,지웰에스테이트 오피스텔,전세,27,201911,26,"9,000",0,5,2016,진재로 131
충청북도 청주흥덕구 복대동,288-66,지웰에스테이트 오피스텔,전세,29.24,201911,28,"9,000",0,10,2016,진재로 131
충청북도 청주흥덕구 복대동,288-66,지웰에스테이트 오피스텔,월세,28.8,201912,2,"3,000",30,5,2016,진재로 131
충청북도 청주흥덕구 복대동,288-66,지웰에스테이트 오피스텔,월세,45.28,201912,8,"1,000",55,13,2016,진재로 131
충청북도 청주흥덕구 복대동,288-66,지웰에스테이트 오피스텔,전세,32.91,201912,11,"11,000",0,3,2016,진재로 131
충청북도 청주흥덕구 복대동,288-66,지웰에스테이트 오피스텔,전세,48.01,201912,13,"13,000",0,14,2016,진재로 131
충청북도 청주흥덕구 복대동,288-66,지웰에스테이트 오피스텔,전세,55,201912,13,"15,000",0,9,2016,진재로 131
충청북도 청주흥덕구 복대동,288-66,지웰에스테이트 오피스텔,전세,27.61,201912,15,"10,000",0,11,2016,진재로 131
충청북도 청주흥덕구 복대동,288-66,지웰에스테이트 오피스텔,전세,55,201912,17,"17,000",0,4,2016,진재로 131
충청북도 청주흥덕구 복대동,288-66,지웰에스테이트 오피스텔,전세,29.24,201912,19,"9,450",0,6,2016,진재로 131
충청북도 청주흥덕구 복대동,288-66,지웰에스테이트 오피스텔,전세,27.61,201912,20,"10,000",0,10,2016,진재로 131
충청북도 청주흥덕구 복대동,288-66,지웰에스테이트 오피스텔,전세,32.91,201912,21,"11,000",0,3,2016,진재로 131
충청북도 청주흥덕구 복대동,288-66,지웰에스테이트 오피스텔,전세,32.91,201912,30,"10,000",0,13,2016,진재로 131
충청북도 청주흥덕구 복대동,288-66,지웰에스테이트 오피스텔,월세,32.91,201912,30,500,50,3,2016,진재로 131
충청북도 청주흥덕구 복대동,288-66,지웰에스테이트 오피스텔,전세,25.23,201912,31,"9,000",0,5,2016,진재로 131
충청북도 청주흥덕구 복대동,288-66,지웰에스테이트 오피스텔,전세,39.78,202001,6,"14,000",0,15,2016,진재로 131
충청북도 청주흥덕구 복대동,288-66,지웰에스테이트 오피스텔,전세,28.52,202001,7,"11,000",0,6,2016,진재로 131
충청북도 청주흥덕구 복대동,288-66,지웰에스테이트 오피스텔,전세,28.52,202001,13,"10,000",0,4,2016,진재로 131
충청북도 청주흥덕구 복대동,288-66,지웰에스테이트 오피스텔,전세,32.91,202001,16,"9,000",0,13,2016,진재로 131
충청북도 청주흥덕구 복대동,288-66,지웰에스테이트 오피스텔,월세,48.01,202001,18,500,65,14,2016,진재로 131
충청북도 청주흥덕구 복대동,288-66,지웰에스테이트 오피스텔,월세,30.33,202001,19,500,40,5,2016,진재로 131
충청북도 청주흥덕구 복대동,288-66,지웰에스테이트 오피스텔,전세,29.24,202002,6,"8,900",0,10,2016,진재로 131
충청북도 청주흥덕구 복대동,288-66,지웰에스테이트 오피스텔,전세,29.24,202002,10,"10,000",0,3,2016,진재로 131
충청북도 청주흥덕구 복대동,288-66,지웰에스테이트 오피스텔,월세,29.24,202002,14,"1,000",33,3,2016,진재로 131
충청북도 청주흥덕구 복대동,288-66,지웰에스테이트 오피스텔,전세,28.52,202002,14,"10,000",0,6,2016,진재로 131
충청북도 청주흥덕구 복대동,288-66,지웰에스테이트 오피스텔,전세,30.33,202002,15,"8,900",0,2,2016,진재로 131
충청북도 청주흥덕구 복대동,288-66,지웰에스테이트 오피스텔,전세,28.52,202002,15,"11,000",0,5,2016,진재로 131
충청북도 청주흥덕구 복대동,288-66,지웰에스테이트 오피스텔,전세,28.52,202002,17,"9,500",0,3,2016,진재로 131
충청북도 청주흥덕구 복대동,288-66,지웰에스테이트 오피스텔,전세,28.52,202002,17,"9,500",0,3,2016,진재로 131
충청북도 청주흥덕구 복대동,288-66,지웰에스테이트 오피스텔,전세,30.33,202002,19,"10,000",0,4,2016,진재로 131
충청북도 청주흥덕구 복대동,288-66,지웰에스테이트 오피스텔,전세,27.61,202002,25,"9,000",0,3,2016,진재로 131
충청북도 청주흥덕구 복대동,288-66,지웰에스테이트 오피스텔,월세,30.33,202002,26,500,37,11,2016,진재로 131
충청북도 청주흥덕구 복대동,288-66,지웰에스테이트 오피스텔,전세,32.91,202002,28,"10,000",0,15,2016,진재로 131
충청북도 청주흥덕구 복대동,288-66,지웰에스테이트 오피스텔,전세,29.24,202002,29,"11,000",0,8,2016,진재로 131
충청북도 청주흥덕구 복대동,288-66,지웰에스테이트 오피스텔,전세,29.24,202003,2,"11,000",0,9,2016,진재로 131
충청북도 청주흥덕구 복대동,288-66,지웰에스테이트 오피스텔,전세,30.33,202003,6,"11,000",0,2,2016,진재로 131
충청북도 청주흥덕구 복대동,288-66,지웰에스테이트 오피스텔,월세,39.88,202003,10,"3,000",40,15,2016,진재로 131
충청북도 청주흥덕구 복대동,288-66,지웰에스테이트 오피스텔,전세,32.91,202003,17,"11,000",0,15,2016,진재로 131
충청북도 청주흥덕구 복대동,288-66,지웰에스테이트 오피스텔,월세,30.33,202003,21,500,46,11,2016,진재로 131
충청북도 청주흥덕구 복대동,288-66,지웰에스테이트 오피스텔,월세,32.4,202003,24,"5,000",25,2,2016,진재로 131
충청북도 청주흥덕구 복대동,288-66,지웰에스테이트 오피스텔,전세,32.91,202003,26,"12,000",0,11,2016,진재로 131
충청북도 청주흥덕구 복대동,288-66,지웰에스테이트 오피스텔,월세,30.33,202004,20,500,40,5,2016,진재로 131
충청북도 청주흥덕구 복대동,288-66,지웰에스테이트 오피스텔,전세,37.22,202004,21,"10,000",0,12,2016,진재로 131
충청북도 청주흥덕구 복대동,288-66,지웰에스테이트 오피스텔,전세,37.22,202004,24,"12,000",0,11,2016,진재로 131
충청북도 청주흥덕구 복대동,3404,청주 지웰시티 푸르지오,전세,84.92,201910,27,"19,000",0,10,2019, 
충청북도 청주흥덕구 복대동,3404,청주 지웰시티 푸르지오,전세,84.92,201910,31,"20,000",0,20,2019, 
충청북도 청주흥덕구 복대동,3404,청주 지웰시티 푸르지오,전세,84.92,201912,14,"18,000",0,17,2019, 
충청북도 청주흥덕구 복대동,3404,청주 지웰시티 푸르지오,전세,84.89,201912,16,"20,000",0,15,2019, 
충청북도 청주흥덕구 복대동,3404,청주 지웰시티 푸르지오,전세,84.89,201912,23,"19,500",0,22,2019, 
충청북도 청주흥덕구 복대동,3404,청주 지웰시티 푸르지오,전세,84.92,201912,28,"20,000",0,15,2019, 
충청북도 청주흥덕구 복대동,3404,청주 지웰시티 푸르지오,전세,84.89,202001,4,"19,000",0,24,2019, 
충청북도 청주흥덕구 복대동,3404,청주 지웰시티 푸르지오,전세,84.89,202001,5,"19,000",0,17,2019, 
충청북도 청주흥덕구 복대동,3404,청주 지웰시티 푸르지오,전세,84.89,202001,19,"21,000",0,18,2019, 
충청북도 청주흥덕구 복대동,3404,청주 지웰시티 푸르지오,전세,84.92,202002,4,"19,000",0,13,2019, 
충청북도 청주흥덕구 복대동,3404,청주 지웰시티 푸르지오,전세,84.92,202002,10,"19,000",0,13,2019, 
충청북도 청주흥덕구 복대동,3404,청주 지웰시티 푸르지오,전세,84.92,202002,18,"20,000",0,8,2019, 
충청북도 청주흥덕구 복대동,3404,청주 지웰시티 푸르지오,월세,84.92,202002,29,"1,000",80,18,2019, 
