矫焙备,锅瘤,档肺炼扒,拌距搁利(С),傈岿技备盒,拌距斥岿,拌距老,焊刘陛(父盔),岿技(父盔)
面没合档 没林蕊傣备 汗措悼,3*,8m固父,10,傈技,202001,7,           300,             0
面没合档 没林蕊傣备 汗措悼,8**,-,11.5,岿技,201912,18,"         1,000",            30
面没合档 没林蕊傣备 汗措悼,1***,8m固父,12,岿技,202001,18,           200,            33
面没合档 没林蕊傣备 汗措悼,1***,25m固父,12,傈技,201906,21,"         4,000",             0
面没合档 没林蕊傣备 汗措悼,8**,8m固父,12,傈技,202001,30,"         4,000",             0
面没合档 没林蕊傣备 汗措悼,1***,8m固父,13,傈技,202002,9,"         3,500",             0
面没合档 没林蕊傣备 汗措悼,2***,8m固父,13,傈技,201911,26,"         1,600",             0
面没合档 没林蕊傣备 汗措悼,1***,8m固父,13.13,傈技,202003,24,"         3,500",             0
面没合档 没林蕊傣备 汗措悼,1***,25m固父,13.14,傈技,202002,24,"         3,000",             0
面没合档 没林蕊傣备 汗措悼,9**,8m固父,13.37,傈技,201911,16,"         4,000",             0
面没合档 没林蕊傣备 汗措悼,1***,8m固父,13.69,傈技,202002,14,"         4,000",             0
面没合档 没林蕊傣备 汗措悼,1*,8m固父,14,傈技,201909,6,"         5,000",             0
面没合档 没林蕊傣备 汗措悼,9**,8m固父,14,傈技,202002,8,"         4,000",             0
面没合档 没林蕊傣备 汗措悼,8*,25m固父,14,傈技,202002,10,"         2,500",             0
面没合档 没林蕊傣备 汗措悼,1***,25m固父,14,傈技,202002,15,"         4,000",             0
面没合档 没林蕊傣备 汗措悼,1***,25m固父,14,傈技,202001,21,"         4,000",             0
面没合档 没林蕊傣备 汗措悼,8**,8m固父,14.79,傈技,201908,12,"         4,500",             0
面没合档 没林蕊傣备 汗措悼,3***,12m固父,15,岿技,201910,8,           200,            37
面没合档 没林蕊傣备 汗措悼,1***,8m固父,15,岿技,202002,23,           300,            29
面没合档 没林蕊傣备 汗措悼,3**,8m固父,15,傈技,201906,1,"         5,000",             0
面没合档 没林蕊傣备 汗措悼,2***,8m固父,15,傈技,201907,8,"         5,000",             0
面没合档 没林蕊傣备 汗措悼,2***,12m固父,15,傈技,201905,10,"         2,500",             0
面没合档 没林蕊傣备 汗措悼,8**,8m固父,15,傈技,202002,15,"         5,000",             0
面没合档 没林蕊傣备 汗措悼,1*,8m固父,15,傈技,201909,16,"         5,000",             0
面没合档 没林蕊傣备 汗措悼,1***,8m固父,15,傈技,202001,17,"         3,000",             0
面没合档 没林蕊傣备 汗措悼,1*,8m固父,15,傈技,201908,17,"         5,000",             0
面没合档 没林蕊傣备 汗措悼,1***,25m固父,15.23,傈技,202002,10,"         4,000",             0
面没合档 没林蕊傣备 汗措悼,1***,12m固父,15.27,傈技,202002,13,"         4,500",             0
面没合档 没林蕊傣备 汗措悼,1***,12m固父,15.27,傈技,201909,27,"         4,000",             0
面没合档 没林蕊傣备 汗措悼,1***,25m固父,15.3,傈技,202002,1,"         4,500",             0
面没合档 没林蕊傣备 汗措悼,2***,8m固父,15.45,傈技,202001,5,"         3,000",             0
面没合档 没林蕊傣备 汗措悼,8**,-,15.74,傈技,202002,12,"         5,500",             0
面没合档 没林蕊傣备 汗措悼,8**,8m固父,15.74,傈技,202002,25,"         5,500",             0
面没合档 没林蕊傣备 汗措悼,8**,8m固父,16,岿技,202002,24,           200,            37
面没合档 没林蕊傣备 汗措悼,8**,-,16,傈技,201906,3,"         5,000",             0
面没合档 没林蕊傣备 汗措悼,2***,8m固父,16,傈技,201912,10,"         3,000",             0
面没合档 没林蕊傣备 汗措悼,8**,8m固父,16,傈技,201906,15,"         5,000",             0
面没合档 没林蕊傣备 汗措悼,8**,8m固父,16,傈技,201906,19,"         5,000",             0
面没合档 没林蕊傣备 汗措悼,8**,-,16,傈技,201910,21,"         5,000",             0
面没合档 没林蕊傣备 汗措悼,8**,8m固父,16,傈技,201912,27,"         5,000",             0
面没合档 没林蕊傣备 汗措悼,9**,25m固父,16.2,傈技,201907,12,"         5,000",             0
面没合档 没林蕊傣备 汗措悼,8**,8m固父,16.53,傈技,202001,8,"         3,500",             0
面没合档 没林蕊傣备 汗措悼,8**,8m固父,16.53,傈技,201912,31,"         3,000",             0
面没合档 没林蕊傣备 汗措悼,8**,8m固父,16.57,傈技,201906,27,"         5,000",             0
面没合档 没林蕊傣备 汗措悼,2***,12m固父,17,傈技,202002,11,"         3,000",             0
面没合档 没林蕊傣备 汗措悼,1***,25m固父,17.79,傈技,202001,13,"         5,000",             0
面没合档 没林蕊傣备 汗措悼,8**,8m固父,18,岿技,202001,2,           200,            32
面没合档 没林蕊傣备 汗措悼,8**,8m固父,18,岿技,201906,21,           100,            28
面没合档 没林蕊傣备 汗措悼,8**,8m固父,18,岿技,202001,21,           100,            30
面没合档 没林蕊傣备 汗措悼,1***,25m固父,18,岿技,202002,23,           200,            32
面没合档 没林蕊傣备 汗措悼,9**,8m固父,18,岿技,201911,25,           100,            28
面没合档 没林蕊傣备 汗措悼,8**,-,18,岿技,202001,27,           200,            30
面没合档 没林蕊傣备 汗措悼,8**,8m固父,18,傈技,202003,1,"         3,000",             0
面没合档 没林蕊傣备 汗措悼,8**,8m固父,18,傈技,201906,5,"         4,000",             0
面没合档 没林蕊傣备 汗措悼,8**,8m固父,18,傈技,202001,6,"         5,000",             0
面没合档 没林蕊傣备 汗措悼,8**,8m固父,18,傈技,202001,6,"         5,000",             0
面没合档 没林蕊傣备 汗措悼,1***,8m固父,18,傈技,202002,8,"         3,000",             0
面没合档 没林蕊傣备 汗措悼,2***,12m固父,18,傈技,202002,8,"         5,000",             0
面没合档 没林蕊傣备 汗措悼,2***,-,18,傈技,201908,9,"         2,700",             0
面没合档 没林蕊傣备 汗措悼,8**,8m固父,18,傈技,202001,11,"         3,000",             0
面没合档 没林蕊傣备 汗措悼,2***,-,18,傈技,201905,11,"         3,000",             0
面没合档 没林蕊傣备 汗措悼,8**,8m固父,18,傈技,202001,13,"         4,500",             0
面没合档 没林蕊傣备 汗措悼,1***,8m固父,18,傈技,202002,13,"         4,500",             0
面没合档 没林蕊傣备 汗措悼,8**,8m固父,18,傈技,201912,20,"         3,500",             0
面没合档 没林蕊傣备 汗措悼,8**,8m固父,18,傈技,201907,27,"         3,700",             0
面没合档 没林蕊傣备 汗措悼,8**,8m固父,18,傈技,201912,28,"         3,500",             0
面没合档 没林蕊傣备 汗措悼,1***,8m固父,18,傈技,201912,29,"         3,000",             0
面没合档 没林蕊傣备 汗措悼,8**,8m固父,18,傈技,201909,30,"         4,000",             0
面没合档 没林蕊傣备 汗措悼,9**,8m固父,19.47,傈技,201907,11,"         4,000",             0
面没合档 没林蕊傣备 汗措悼,8**,8m固父,19.8,傈技,201908,5,"         4,500",             0
面没合档 没林蕊傣备 汗措悼,2**,8m固父,19.8,傈技,201907,12,"         4,000",             0
面没合档 没林蕊傣备 汗措悼,2**,8m固父,19.8,傈技,202004,16,"         4,000",             0
面没合档 没林蕊傣备 汗措悼,1*,8m固父,19.8,傈技,201908,17,"         5,000",             0
面没合档 没林蕊傣备 汗措悼,1***,8m固父,19.8,傈技,201907,29,"         4,000",             0
面没合档 没林蕊傣备 汗措悼,1***,25m固父,19.83,傈技,202002,8,"         4,500",             0
面没合档 没林蕊傣备 汗措悼,2***,12m固父,19.83,傈技,201906,10,"         4,500",             0
面没合档 没林蕊傣备 汗措悼,1***,8m固父,19.85,傈技,202004,8,"         5,500",             0
面没合档 没林蕊傣备 汗措悼,2**,-,20,岿技,202003,1,           200,            32
面没合档 没林蕊傣备 汗措悼,1***,-,20,岿技,201907,2,           100,            24
面没合档 没林蕊傣备 汗措悼,1***,-,20,岿技,202002,5,           100,            27
面没合档 没林蕊傣备 汗措悼,8**,8m固父,20,岿技,201907,6,           100,            33
面没合档 没林蕊傣备 汗措悼,2***,25m固父,20,岿技,201912,8,           200,            28
面没合档 没林蕊傣备 汗措悼,2***,-,20,岿技,202001,14,"         3,000",             3
面没合档 没林蕊傣备 汗措悼,1***,8m固父,20,岿技,202001,15,"         1,000",            20
面没合档 没林蕊傣备 汗措悼,*,12m固父,20,岿技,202004,20,"         2,000",            20
面没合档 没林蕊傣备 汗措悼,*,12m固父,20,岿技,202003,21,"         2,000",            20
面没合档 没林蕊傣备 汗措悼,7*,8m固父,20,岿技,201905,27,           100,            24
面没合档 没林蕊傣备 汗措悼,2**,8m固父,20,岿技,201905,27,           200,            35
面没合档 没林蕊傣备 汗措悼,8**,8m固父,20,岿技,201906,30,"         1,000",            30
面没合档 没林蕊傣备 汗措悼,2***,8m固父,20,傈技,202002,1,"         2,500",             0
面没合档 没林蕊傣备 汗措悼,1***,8m固父,20,傈技,201906,2,"         3,500",             0
面没合档 没林蕊傣备 汗措悼,8**,8m固父,20,傈技,202001,2,"         4,500",             0
面没合档 没林蕊傣备 汗措悼,2***,12m固父,20,傈技,201907,5,"         4,500",             0
面没合档 没林蕊傣备 汗措悼,9**,8m固父,20,傈技,201911,5,"         5,000",             0
面没合档 没林蕊傣备 汗措悼,1***,8m固父,20,傈技,202001,6,"         4,000",             0
面没合档 没林蕊傣备 汗措悼,9**,25m固父,20,傈技,201907,6,"         5,000",             0
面没合档 没林蕊傣备 汗措悼,2***,8m固父,20,傈技,201907,6,"         5,000",             0
面没合档 没林蕊傣备 汗措悼,7**,8m固父,20,傈技,201907,7,"         3,000",             0
面没合档 没林蕊傣备 汗措悼,8**,8m固父,20,傈技,201906,13,"         5,000",             0
面没合档 没林蕊傣备 汗措悼,3**,8m固父,20,傈技,201911,14,"         3,500",             0
面没合档 没林蕊傣备 汗措悼,8**,8m固父,20,傈技,201912,14,"         5,000",             0
面没合档 没林蕊傣备 汗措悼,9**,25m固父,20,傈技,201906,14,"         5,000",             0
面没合档 没林蕊傣备 汗措悼,8**,8m固父,20,傈技,202002,14,"         5,000",             0
面没合档 没林蕊傣备 汗措悼,1***,8m固父,20,傈技,201912,17,"         5,000",             0
面没合档 没林蕊傣备 汗措悼,8**,8m固父,20,傈技,201912,18,"         5,000",             0
面没合档 没林蕊傣备 汗措悼,8**,8m固父,20,傈技,202001,20,"         5,000",             0
面没合档 没林蕊傣备 汗措悼,8**,8m固父,20,傈技,201909,21,"         1,500",             0
面没合档 没林蕊傣备 汗措悼,1***,8m固父,20,傈技,201912,21,"         3,300",             0
面没合档 没林蕊傣备 汗措悼,2***,8m固父,20,傈技,202002,21,"         3,500",             0
面没合档 没林蕊傣备 汗措悼,8**,8m固父,20,傈技,202001,21,"         5,000",             0
面没合档 没林蕊傣备 汗措悼,2***,12m固父,20,傈技,202002,22,"         4,000",             0
面没合档 没林蕊傣备 汗措悼,8**,8m固父,20,傈技,202001,22,"         5,000",             0
面没合档 没林蕊傣备 汗措悼,8**,8m固父,20,傈技,202001,22,"         5,000",             0
面没合档 没林蕊傣备 汗措悼,2***,12m固父,20,傈技,202001,23,"         4,000",             0
面没合档 没林蕊傣备 汗措悼,8**,8m固父,20,傈技,202002,28,"         3,000",             0
面没合档 没林蕊傣备 汗措悼,1***,8m固父,20,傈技,202001,28,"         3,200",             0
面没合档 没林蕊傣备 汗措悼,1***,8m固父,20,傈技,202001,28,"         3,500",             0
面没合档 没林蕊傣备 汗措悼,1***,8m固父,20,傈技,202001,29,"         3,000",             0
面没合档 没林蕊傣备 汗措悼,8**,-,20,傈技,201906,29,"         3,000",             0
面没合档 没林蕊傣备 汗措悼,2***,12m固父,20,傈技,201909,29,"         3,000",             0
面没合档 没林蕊傣备 汗措悼,1***,8m固父,20,傈技,201912,29,"         5,000",             0
面没合档 没林蕊傣备 汗措悼,1***,8m固父,20.09,傈技,202001,6,"         3,000",             0
面没合档 没林蕊傣备 汗措悼,8**,25m固父,20.1,岿技,201906,22,           200,            35
面没合档 没林蕊傣备 汗措悼,3***,12m固父,21,岿技,202001,10,           200,            34
面没合档 没林蕊傣备 汗措悼,8**,-,21,傈技,202002,1,"         5,500",             0
面没合档 没林蕊傣备 汗措悼,1***,8m固父,21,傈技,201908,6,"         3,000",             0
面没合档 没林蕊傣备 汗措悼,8**,8m固父,21.4,傈技,201905,25,"         5,000",             0
面没合档 没林蕊傣备 汗措悼,3**,8m固父,21.9,岿技,201906,29,           300,            38
面没合档 没林蕊傣备 汗措悼,3**,-,21.9,傈技,201906,10,"         5,000",             0
面没合档 没林蕊傣备 汗措悼,8**,8m固父,22,傈技,202002,1,"         2,500",             0
面没合档 没林蕊傣备 汗措悼,8**,8m固父,22,傈技,201911,6,"         2,500",             0
面没合档 没林蕊傣备 汗措悼,8**,-,22,傈技,201912,15,"         2,500",             0
面没合档 没林蕊傣备 汗措悼,1***,8m固父,22,傈技,202001,18,"         4,000",             0
面没合档 没林蕊傣备 汗措悼,8**,8m固父,22,傈技,201907,20,"         2,500",             0
面没合档 没林蕊傣备 汗措悼,8**,-,22,傈技,201911,23,"         2,500",             0
面没合档 没林蕊傣备 汗措悼,8**,8m固父,22,傈技,201907,25,"         2,500",             0
面没合档 没林蕊傣备 汗措悼,3***,12m固父,22,傈技,201908,29,"         3,500",             0
面没合档 没林蕊傣备 汗措悼,1*,8m固父,22.6,岿技,201910,14,"         4,000",            15
面没合档 没林蕊傣备 汗措悼,2***,12m固父,22.7,傈技,201907,31,"         2,000",             0
面没合档 没林蕊傣备 汗措悼,8**,-,23,岿技,201908,17,"         1,000",            20
面没合档 没林蕊傣备 汗措悼,8**,8m固父,23,岿技,201908,28,           100,            25
面没合档 没林蕊傣备 汗措悼,2***,12m固父,23,傈技,201905,8,"         2,500",             0
面没合档 没林蕊傣备 汗措悼,2***,8m固父,23,傈技,201907,8,"         5,000",             0
面没合档 没林蕊傣备 汗措悼,2***,12m固父,23,傈技,201905,10,"         2,500",             0
面没合档 没林蕊傣备 汗措悼,8**,8m固父,23,傈技,202002,10,"         3,000",             0
面没合档 没林蕊傣备 汗措悼,2***,12m固父,23,傈技,201911,11,"         2,000",             0
面没合档 没林蕊傣备 汗措悼,*,12m固父,23,傈技,201906,16,"         5,000",             0
面没合档 没林蕊傣备 汗措悼,2***,12m固父,23.05,傈技,201906,23,"         2,000",             0
面没合档 没林蕊傣备 汗措悼,5*,8m固父,23.1,岿技,201912,3,           200,            35
面没合档 没林蕊傣备 汗措悼,2***,12m固父,23.1,岿技,202001,6,           300,            15
面没合档 没林蕊傣备 汗措悼,2***,12m固父,23.1,傈技,201908,6,"         4,500",             0
面没合档 没林蕊傣备 汗措悼,3*,-,23.1,傈技,202002,9,"         4,000",             0
面没合档 没林蕊傣备 汗措悼,*,12m固父,23.1,傈技,201906,22,"         5,000",             0
面没合档 没林蕊傣备 汗措悼,9**,8m固父,23.1,傈技,202001,28,"         4,500",             0
面没合档 没林蕊傣备 汗措悼,2**,8m固父,23.13,岿技,202002,29,           200,            35
面没合档 没林蕊傣备 汗措悼,*,12m固父,23.2,傈技,201912,1,"         5,000",             0
面没合档 没林蕊傣备 汗措悼,3***,12m固父,23.2,傈技,201906,14,"         3,000",             0
面没合档 没林蕊傣备 汗措悼,3***,12m固父,23.2,傈技,201906,15,"         2,000",             0
面没合档 没林蕊傣备 汗措悼,3***,12m固父,23.44,傈技,202001,17,"         2,500",             0
面没合档 没林蕊傣备 汗措悼,1***,25m固父,23.9,傈技,201910,30,"         3,500",             0
面没合档 没林蕊傣备 汗措悼,1***,8m固父,24,岿技,202001,4,"         2,000",            20
面没合档 没林蕊傣备 汗措悼,8**,8m固父,24,岿技,201906,16,           200,            35
面没合档 没林蕊傣备 汗措悼,8**,-,24,傈技,201907,2,"         2,500",             0
面没合档 没林蕊傣备 汗措悼,2***,12m固父,24,傈技,202003,7,"         3,000",             0
面没合档 没林蕊傣备 汗措悼,1***,8m固父,24,傈技,201906,9,"         1,600",             0
面没合档 没林蕊傣备 汗措悼,3***,12m固父,24,傈技,201912,9,"         2,000",             0
面没合档 没林蕊傣备 汗措悼,2***,8m固父,24,傈技,202002,10,"         3,000",             0
面没合档 没林蕊傣备 汗措悼,2***,8m固父,24,傈技,202002,10,"         3,500",             0
面没合档 没林蕊傣备 汗措悼,8**,12m固父,24,傈技,201907,12,"         1,500",             0
面没合档 没林蕊傣备 汗措悼,6*,8m固父,24,傈技,202002,12,"         3,500",             0
面没合档 没林蕊傣备 汗措悼,8**,8m固父,24,傈技,201907,13,"         2,500",             0
面没合档 没林蕊傣备 汗措悼,8**,-,24,傈技,202002,13,"         5,500",             0
面没合档 没林蕊傣备 汗措悼,2***,8m固父,24,傈技,202002,17,"         3,500",             0
面没合档 没林蕊傣备 汗措悼,2***,8m固父,24,傈技,201908,17,"         5,000",             0
面没合档 没林蕊傣备 汗措悼,8**,8m固父,24,傈技,201912,26,"         5,000",             0
面没合档 没林蕊傣备 汗措悼,4**,12m固父,24,傈技,201912,27,"         7,000",             0
面没合档 没林蕊傣备 汗措悼,2***,12m固父,24,傈技,202002,28,"         1,700",             0
面没合档 没林蕊傣备 汗措悼,8**,8m固父,24,傈技,201908,31,"         5,000",             0
面没合档 没林蕊傣备 汗措悼,7**,8m固父,24.18,傈技,202003,6,"         6,000",             0
面没合档 没林蕊傣备 汗措悼,7**,8m固父,24.18,傈技,202003,23,"         5,500",             0
面没合档 没林蕊傣备 汗措悼,5*,8m固父,24.2,傈技,202002,2,"         4,000",             0
面没合档 没林蕊傣备 汗措悼,5*,8m固父,24.2,傈技,201911,22,"         4,000",             0
面没合档 没林蕊傣备 汗措悼,2***,12m固父,24.23,傈技,202002,7,"         3,000",             0
面没合档 没林蕊傣备 汗措悼,1***,12m固父,24.23,傈技,201906,25,"         4,500",             0
面没合档 没林蕊傣备 汗措悼,1***,8m固父,24.39,岿技,202001,10,           800,             4
面没合档 没林蕊傣备 汗措悼,2***,12m固父,24.41,傈技,201911,20,"         2,500",             0
面没合档 没林蕊傣备 汗措悼,1*,8m固父,24.76,傈技,201909,21,"         2,000",             0
面没合档 没林蕊傣备 汗措悼,1**,8m固父,24.81,傈技,201912,9,"         4,000",             0
面没合档 没林蕊傣备 汗措悼,2***,8m固父,25,岿技,201908,1,           200,            38
面没合档 没林蕊傣备 汗措悼,3***,12m固父,25,岿技,201908,1,           300,            30
面没合档 没林蕊傣备 汗措悼,8**,8m固父,25,岿技,202002,1,"         1,500",            15
面没合档 没林蕊傣备 汗措悼,8**,8m固父,25,岿技,202002,1,"         1,500",            15
面没合档 没林蕊傣备 汗措悼,3***,12m固父,25,岿技,202002,1,"         2,500",            23
面没合档 没林蕊傣备 汗措悼,2***,12m固父,25,岿技,202001,3,           100,            30
面没合档 没林蕊傣备 汗措悼,2***,12m固父,25,岿技,201905,4,           100,            25
面没合档 没林蕊傣备 汗措悼,1***,8m固父,25,岿技,201909,5,"         1,500",            11
面没合档 没林蕊傣备 汗措悼,1***,8m固父,25,岿技,201912,6,            50,            15
面没合档 没林蕊傣备 汗措悼,2**,8m固父,25,岿技,202003,6,           200,            36
面没合档 没林蕊傣备 汗措悼,2***,12m固父,25,岿技,201907,7,           200,            20
面没合档 没林蕊傣备 汗措悼,2**,8m固父,25,岿技,201905,8,           200,            32
面没合档 没林蕊傣备 汗措悼,3***,-,25,岿技,201909,8,           500,            32
面没合档 没林蕊傣备 汗措悼,2***,12m固父,25,岿技,202001,9,           100,            24
面没合档 没林蕊傣备 汗措悼,8**,8m固父,25,岿技,201909,10,"         1,000",            15
面没合档 没林蕊傣备 汗措悼,2***,12m固父,25,岿技,201912,11,           200,            27
面没合档 没林蕊傣备 汗措悼,1***,8m固父,25,岿技,201912,13,           300,            36
面没合档 没林蕊傣备 汗措悼,3***,12m固父,25,岿技,202003,14,           100,            25
面没合档 没林蕊傣备 汗措悼,1***,12m固父,25,岿技,201910,15,           300,            25
面没合档 没林蕊傣备 汗措悼,7**,25m固父,25,岿技,202002,15,           300,            35
面没合档 没林蕊傣备 汗措悼,8**,8m固父,25,岿技,202001,16,           100,            36
面没合档 没林蕊傣备 汗措悼,2***,12m固父,25,岿技,201907,18,            50,            25
面没合档 没林蕊傣备 汗措悼,1***,8m固父,25,岿技,201907,19,           100,            25
面没合档 没林蕊傣备 汗措悼,2***,25m固父,25,岿技,202004,22,           100,            23
面没合档 没林蕊傣备 汗措悼,2***,12m固父,25,岿技,201905,23,           100,            25
面没合档 没林蕊傣备 汗措悼,1***,8m固父,25,岿技,201908,23,           200,            30
面没合档 没林蕊傣备 汗措悼,4**,12m固父,25,岿技,201910,24,           200,            40
面没合档 没林蕊傣备 汗措悼,9**,25m固父,25,岿技,202002,26,"         2,000",            21
面没合档 没林蕊傣备 汗措悼,1***,-,25,岿技,202002,27,"         1,000",            15
面没合档 没林蕊傣备 汗措悼,4**,12m固父,25,岿技,201910,28,           500,            38
面没合档 没林蕊傣备 汗措悼,2***,12m固父,25,岿技,201905,29,           100,            27
面没合档 没林蕊傣备 汗措悼,1***,25m固父,25,岿技,201907,29,           300,            32
面没合档 没林蕊傣备 汗措悼,1***,12m固父,25,傈技,201910,1,"         4,300",             0
面没合档 没林蕊傣备 汗措悼,1***,25m固父,25,傈技,202002,1,"         4,500",             0
面没合档 没林蕊傣备 汗措悼,8*,8m固父,25,傈技,201909,2,"         2,000",             0
面没合档 没林蕊傣备 汗措悼,1***,12m固父,25,傈技,201906,3,"         2,800",             0
面没合档 没林蕊傣备 汗措悼,7**,8m固父,25,傈技,201910,4,"         2,000",             0
面没合档 没林蕊傣备 汗措悼,1**,12m固父,25,傈技,202002,4,"         3,500",             0
面没合档 没林蕊傣备 汗措悼,7**,25m固父,25,傈技,202002,4,"         5,000",             0
面没合档 没林蕊傣备 汗措悼,2***,12m固父,25,傈技,202003,5,"         2,000",             0
面没合档 没林蕊傣备 汗措悼,2***,12m固父,25,傈技,201909,5,"         3,500",             0
面没合档 没林蕊傣备 汗措悼,1***,8m固父,25,傈技,202001,5,"         3,800",             0
面没合档 没林蕊傣备 汗措悼,8**,8m固父,25,傈技,201908,5,"         4,500",             0
面没合档 没林蕊傣备 汗措悼,8**,-,25,傈技,201908,5,"         5,000",             0
面没合档 没林蕊傣备 汗措悼,8**,8m固父,25,傈技,202002,5,"         5,000",             0
面没合档 没林蕊傣备 汗措悼,2***,12m固父,25,傈技,201907,6,"         3,000",             0
面没合档 没林蕊傣备 汗措悼,9**,8m固父,25,傈技,202001,6,"         4,000",             0
面没合档 没林蕊傣备 汗措悼,9**,8m固父,25,傈技,201907,6,"         4,000",             0
面没合档 没林蕊傣备 汗措悼,1***,8m固父,25,傈技,201912,7,"         3,000",             0
面没合档 没林蕊傣备 汗措悼,1***,25m固父,25,傈技,202001,7,"         3,000",             0
面没合档 没林蕊傣备 汗措悼,9**,8m固父,25,傈技,201907,8,"         4,000",             0
面没合档 没林蕊傣备 汗措悼,2***,12m固父,25,傈技,201905,9,"         2,000",             0
面没合档 没林蕊傣备 汗措悼,1***,8m固父,25,傈技,202003,9,"         4,000",             0
面没合档 没林蕊傣备 汗措悼,9**,25m固父,25,傈技,202002,9,"         4,000",             0
面没合档 没林蕊傣备 汗措悼,8**,8m固父,25,傈技,202004,10,"         2,500",             0
面没合档 没林蕊傣备 汗措悼,3***,12m固父,25,傈技,202001,10,"         4,500",             0
面没合档 没林蕊傣备 汗措悼,8**,8m固父,25,傈技,202002,10,"         5,500",             0
面没合档 没林蕊傣备 汗措悼,1***,25m固父,25,傈技,202002,10,"         5,500",             0
面没合档 没林蕊傣备 汗措悼,8**,8m固父,25,傈技,202001,11,"         3,000",             0
面没合档 没林蕊傣备 汗措悼,8**,-,25,傈技,202002,11,"         5,500",             0
面没合档 没林蕊傣备 汗措悼,8**,-,25,傈技,202002,11,"         5,500",             0
面没合档 没林蕊傣备 汗措悼,8**,-,25,傈技,202002,11,"         5,500",             0
面没合档 没林蕊傣备 汗措悼,1***,25m固父,25,傈技,201911,13,"         2,500",             0
面没合档 没林蕊傣备 汗措悼,1***,8m固父,25,傈技,202004,13,"         3,700",             0
面没合档 没林蕊傣备 汗措悼,2***,8m固父,25,傈技,201912,13,"         4,000",             0
面没合档 没林蕊傣备 汗措悼,8**,-,25,傈技,202002,13,"         5,500",             0
面没合档 没林蕊傣备 汗措悼,8**,8m固父,25,傈技,202002,14,"         5,500",             0
面没合档 没林蕊傣备 汗措悼,9**,25m固父,25,傈技,202002,15,"         4,000",             0
面没合档 没林蕊傣备 汗措悼,8**,12m固父,25,傈技,201911,15,"         5,000",             0
面没合档 没林蕊傣备 汗措悼,8**,-,25,傈技,202002,15,"         5,500",             0
面没合档 没林蕊傣备 汗措悼,5*,8m固父,25,傈技,201906,16,"         3,300",             0
面没合档 没林蕊傣备 汗措悼,9**,-,25,傈技,202002,16,"         4,000",             0
面没合档 没林蕊傣备 汗措悼,1***,8m固父,25,傈技,201912,16,"         5,000",             0
面没合档 没林蕊傣备 汗措悼,1***,8m固父,25,傈技,202001,16,"         5,000",             0
面没合档 没林蕊傣备 汗措悼,1***,8m固父,25,傈技,201910,17,"         4,000",             0
面没合档 没林蕊傣备 汗措悼,2***,12m固父,25,傈技,201912,17,"         4,000",             0
面没合档 没林蕊傣备 汗措悼,1***,-,25,傈技,202002,18,"         4,000",             0
面没合档 没林蕊傣备 汗措悼,1***,8m固父,25,傈技,201912,18,"         5,000",             0
面没合档 没林蕊傣备 汗措悼,1***,8m固父,25,傈技,202003,19,"         3,000",             0
面没合档 没林蕊傣备 汗措悼,9**,25m固父,25,傈技,202002,19,"         4,000",             0
面没合档 没林蕊傣备 汗措悼,1***,12m固父,25,傈技,202002,19,"         4,200",             0
面没合档 没林蕊傣备 汗措悼,1***,12m固父,25,傈技,202002,19,"         4,200",             0
面没合档 没林蕊傣备 汗措悼,8**,8m固父,25,傈技,202002,20,"         3,000",             0
面没合档 没林蕊傣备 汗措悼,1***,8m固父,25,傈技,201912,20,"         3,500",             0
面没合档 没林蕊傣备 汗措悼,8**,8m固父,25,傈技,202003,22,"         3,000",             0
面没合档 没林蕊傣备 汗措悼,3***,-,25,傈技,201912,22,"         4,000",             0
面没合档 没林蕊傣备 汗措悼,*,12m固父,25,傈技,201906,23,"         5,000",             0
面没合档 没林蕊傣备 汗措悼,*,-,25,傈技,201906,23,"         5,000",             0
面没合档 没林蕊傣备 汗措悼,2***,12m固父,25,傈技,201905,24,"         3,000",             0
面没合档 没林蕊傣备 汗措悼,2***,12m固父,25,傈技,201906,25,"         2,000",             0
面没合档 没林蕊傣备 汗措悼,8**,8m固父,25,傈技,201912,25,"         3,500",             0
面没合档 没林蕊傣备 汗措悼,8**,-,25,傈技,201912,25,"         5,500",             0
面没合档 没林蕊傣备 汗措悼,9**,25m固父,25,傈技,202002,26,"         3,500",             0
面没合档 没林蕊傣备 汗措悼,1***,8m固父,25,傈技,202002,27,"         3,000",             0
面没合档 没林蕊傣备 汗措悼,9**,25m固父,25,傈技,201908,27,"         4,000",             0
面没合档 没林蕊傣备 汗措悼,2***,12m固父,25,傈技,201908,28,"         2,000",             0
面没合档 没林蕊傣备 汗措悼,1***,8m固父,25,傈技,202002,28,"         3,500",             0
面没合档 没林蕊傣备 汗措悼,9**,8m固父,25,傈技,202001,28,"         4,000",             0
面没合档 没林蕊傣备 汗措悼,2**,-,25,傈技,201912,28,"         4,300",             0
面没合档 没林蕊傣备 汗措悼,1***,8m固父,25,傈技,201912,28,"         5,000",             0
面没合档 没林蕊傣备 汗措悼,1***,8m固父,25,傈技,201912,28,"         5,000",             0
面没合档 没林蕊傣备 汗措悼,8**,8m固父,25,傈技,202001,28,"         5,000",             0
面没合档 没林蕊傣备 汗措悼,1***,25m固父,25,傈技,202004,29,"         3,300",             0
面没合档 没林蕊傣备 汗措悼,8**,8m固父,25,傈技,201909,29,"         3,500",             0
面没合档 没林蕊傣备 汗措悼,1***,8m固父,25,傈技,202001,29,"         4,000",             0
面没合档 没林蕊傣备 汗措悼,1***,25m固父,25,傈技,202001,29,"         5,500",             0
面没合档 没林蕊傣备 汗措悼,1***,25m固父,25,傈技,202001,30,"         5,500",             0
面没合档 没林蕊傣备 汗措悼,1***,8m固父,25,傈技,202001,31,"         3,500",             0
面没合档 没林蕊傣备 汗措悼,1**,8m固父,25.12,傈技,202002,3,"         3,500",             0
面没合档 没林蕊傣备 汗措悼,2***,12m固父,25.12,傈技,202001,6,"         2,000",             0
面没合档 没林蕊傣备 汗措悼,2***,12m固父,25.19,岿技,201911,18,"         2,000",            30
面没合档 没林蕊傣备 汗措悼,8**,8m固父,25.22,岿技,201912,23,           100,            25
面没合档 没林蕊傣备 汗措悼,1***,8m固父,25.95,傈技,202001,28,"         3,500",             0
面没合档 没林蕊傣备 汗措悼,1***,8m固父,25.95,傈技,202001,28,"         3,500",             0
面没合档 没林蕊傣备 汗措悼,1***,25m固父,26,岿技,201905,1,"         3,000",            40
面没合档 没林蕊傣备 汗措悼,8**,8m固父,26,岿技,202001,16,           100,            31
面没合档 没林蕊傣备 汗措悼,3***,-,26,傈技,201908,7,"         4,500",             0
面没合档 没林蕊傣备 汗措悼,3*,8m固父,26,傈技,201906,7,"         5,000",             0
面没合档 没林蕊傣备 汗措悼,3***,12m固父,26,傈技,201909,11,"         3,000",             0
面没合档 没林蕊傣备 汗措悼,7**,8m固父,26,傈技,202002,11,"         4,500",             0
面没合档 没林蕊傣备 汗措悼,2***,8m固父,26,傈技,202001,18,"         3,500",             0
面没合档 没林蕊傣备 汗措悼,2***,8m固父,26,傈技,202001,18,"         3,500",             0
面没合档 没林蕊傣备 汗措悼,1***,12m固父,26,傈技,202001,22,"         3,000",             0
面没合档 没林蕊傣备 汗措悼,1***,8m固父,26.01,傈技,202001,3,"         4,000",             0
面没合档 没林蕊傣备 汗措悼,2***,12m固父,26.4,岿技,201909,3,            50,            25
面没合档 没林蕊傣备 汗措悼,3***,12m固父,26.4,岿技,201905,5,           300,            36
面没合档 没林蕊傣备 汗措悼,8**,12m固父,26.4,岿技,202004,8,           300,            36
面没合档 没林蕊傣备 汗措悼,1**,12m固父,26.4,岿技,202004,12,"         1,500",            32
面没合档 没林蕊傣备 汗措悼,1*,-,26.4,岿技,201910,26,           200,            35
面没合档 没林蕊傣备 汗措悼,3*,8m固父,26.4,岿技,201907,27,"         2,000",            20
面没合档 没林蕊傣备 汗措悼,3**,12m固父,26.4,傈技,202002,8,"         5,000",             0
面没合档 没林蕊傣备 汗措悼,5*,8m固父,26.4,傈技,202003,10,"         4,000",             0
面没合档 没林蕊傣备 汗措悼,1**,-,26.4,傈技,202004,16,"         5,000",             0
面没合档 没林蕊傣备 汗措悼,3***,12m固父,26.4,傈技,202003,20,"         5,000",             0
面没合档 没林蕊傣备 汗措悼,2**,8m固父,26.4,傈技,201912,24,"         3,500",             0
面没合档 没林蕊傣备 汗措悼,3***,12m固父,26.44,岿技,201905,7,           300,            38
面没合档 没林蕊傣备 汗措悼,3***,12m固父,26.44,岿技,201907,13,           300,            35
面没合档 没林蕊傣备 汗措悼,3***,12m固父,26.44,岿技,202003,27,           200,            30
面没合档 没林蕊傣备 汗措悼,3***,12m固父,26.44,岿技,201905,29,           200,            30
面没合档 没林蕊傣备 汗措悼,2***,12m固父,26.44,岿技,202003,31,           100,            25
面没合档 没林蕊傣备 汗措悼,1**,-,26.44,傈技,202004,16,"         6,000",             0
面没合档 没林蕊傣备 汗措悼,3***,25m固父,26.44,傈技,202004,21,"         5,500",             0
面没合档 没林蕊傣备 汗措悼,5*,8m固父,26.45,傈技,201909,16,"         5,000",             0
面没合档 没林蕊傣备 汗措悼,2***,12m固父,26.45,傈技,201912,25,"         2,000",             0
面没合档 没林蕊傣备 汗措悼,8**,8m固父,26.53,傈技,202004,21,"         4,000",             0
面没合档 没林蕊傣备 汗措悼,1**,8m固父,26.66,岿技,201906,10,           200,            32
面没合档 没林蕊傣备 汗措悼,2***,12m固父,26.9,傈技,201909,16,           270,             0
面没合档 没林蕊傣备 汗措悼,2***,12m固父,27,岿技,201907,11,           100,            27
面没合档 没林蕊傣备 汗措悼,5*,8m固父,27,岿技,201905,17,           700,            25
面没合档 没林蕊傣备 汗措悼,3***,12m固父,27,岿技,202002,24,           500,            33
面没合档 没林蕊傣备 汗措悼,1***,25m固父,27,岿技,201907,29,           100,            30
面没合档 没林蕊傣备 汗措悼,3***,-,27,傈技,201908,5,"         4,000",             0
面没合档 没林蕊傣备 汗措悼,3***,-,27,傈技,202002,14,"         3,800",             0
面没合档 没林蕊傣备 汗措悼,*,12m固父,27,傈技,201906,15,"         5,000",             0
面没合档 没林蕊傣备 汗措悼,1***,12m固父,27,傈技,202003,15,"         5,000",             0
面没合档 没林蕊傣备 汗措悼,3***,12m固父,27,傈技,201908,27,"         5,000",             0
面没合档 没林蕊傣备 汗措悼,3***,12m固父,27,傈技,201908,28,"         4,000",             0
面没合档 没林蕊傣备 汗措悼,1**,8m固父,27,傈技,201909,29,"         2,000",             0
面没合档 没林蕊傣备 汗措悼,7**,8m固父,27,傈技,201911,30,"         4,000",             0
面没合档 没林蕊傣备 汗措悼,5*,8m固父,27.2,傈技,201907,5,"         3,500",             0
面没合档 没林蕊傣备 汗措悼,5*,8m固父,27.41,傈技,202003,11,"         3,500",             0
面没合档 没林蕊傣备 汗措悼,1***,8m固父,27.94,傈技,201911,19,"         4,000",             0
面没合档 没林蕊傣备 汗措悼,2***,8m固父,28,岿技,201912,4,"         3,000",            20
面没合档 没林蕊傣备 汗措悼,2***,12m固父,28,岿技,202001,11,           200,            28
面没合档 没林蕊傣备 汗措悼,8**,8m固父,28,岿技,201906,22,           300,            35
面没合档 没林蕊傣备 汗措悼,1***,12m固父,28,岿技,202002,23,"         1,000",            33
面没合档 没林蕊傣备 汗措悼,2***,12m固父,28,岿技,202003,25,           100,            24
面没合档 没林蕊傣备 汗措悼,1***,12m固父,28,岿技,201905,26,           300,            30
面没合档 没林蕊傣备 汗措悼,2***,12m固父,28,岿技,202003,27,           100,            28
面没合档 没林蕊傣备 汗措悼,8**,8m固父,28,傈技,201911,2,"         3,500",             0
面没合档 没林蕊傣备 汗措悼,2***,8m固父,28,傈技,202003,6,"         1,500",             0
面没合档 没林蕊傣备 汗措悼,2***,12m固父,28,傈技,202002,11,"         4,500",             0
面没合档 没林蕊傣备 汗措悼,8**,8m固父,28,傈技,201908,14,"         3,700",             0
面没合档 没林蕊傣备 汗措悼,3***,25m固父,28,傈技,201905,17,"         4,500",             0
面没合档 没林蕊傣备 汗措悼,3*,8m固父,28,傈技,201910,19,"         3,500",             0
面没合档 没林蕊傣备 汗措悼,1***,8m固父,28,傈技,201912,19,"         5,000",             0
面没合档 没林蕊傣备 汗措悼,*,12m固父,28,傈技,201907,22,"         5,000",             0
面没合档 没林蕊傣备 汗措悼,1***,8m固父,28,傈技,201912,24,"         5,000",             0
面没合档 没林蕊傣备 汗措悼,1***,8m固父,28.05,傈技,201912,12,"         3,500",             0
面没合档 没林蕊傣备 汗措悼,1***,8m固父,28.05,傈技,201912,12,"         3,500",             0
面没合档 没林蕊傣备 汗措悼,8**,8m固父,28.12,岿技,202001,14,"         1,000",            32
面没合档 没林蕊傣备 汗措悼,2**,8m固父,28.12,岿技,202002,22,           200,            35
面没合档 没林蕊傣备 汗措悼,8**,8m固父,28.5,岿技,201909,20,"         1,500",            38
面没合档 没林蕊傣备 汗措悼,2***,12m固父,29,傈技,201912,7,"         3,000",             0
面没合档 没林蕊傣备 汗措悼,7*,8m固父,29,傈技,201908,13,"         3,500",             0
面没合档 没林蕊傣备 汗措悼,7**,-,29,傈技,202002,22,"         5,000",             0
面没合档 没林蕊傣备 汗措悼,8*,25m固父,29.08,傈技,201905,22,"         4,000",             0
面没合档 没林蕊傣备 汗措悼,3**,12m固父,29.4,傈技,201905,14,"         4,500",             0
面没合档 没林蕊傣备 汗措悼,3***,12m固父,29.44,岿技,202003,5,           300,            35
面没合档 没林蕊傣备 汗措悼,2***,12m固父,29.44,岿技,201907,12,           100,            23
面没合档 没林蕊傣备 汗措悼,2***,12m固父,29.44,岿技,201908,14,           100,            30
面没合档 没林蕊傣备 汗措悼,2***,12m固父,29.44,岿技,201908,16,           200,            30
面没合档 没林蕊傣备 汗措悼,1***,25m固父,29.7,岿技,201905,1,           300,            33
面没合档 没林蕊傣备 汗措悼,5*,8m固父,29.7,岿技,201910,3,           200,            28
面没合档 没林蕊傣备 汗措悼,1**,8m固父,29.7,岿技,202002,4,"         1,500",            19
面没合档 没林蕊傣备 汗措悼,3***,12m固父,29.7,岿技,202004,7,           200,            32
面没合档 没林蕊傣备 汗措悼,1***,12m固父,29.7,岿技,202003,12,           300,            28
面没合档 没林蕊傣备 汗措悼,1***,12m固父,29.7,岿技,202002,15,            50,            30
面没合档 没林蕊傣备 汗措悼,1***,8m固父,29.7,岿技,202003,16,           500,            25
面没合档 没林蕊傣备 汗措悼,4**,12m固父,29.7,岿技,202003,18,           300,            40
面没合档 没林蕊傣备 汗措悼,1***,12m固父,29.7,岿技,201908,27,           200,            32
面没合档 没林蕊傣备 汗措悼,8*,25m固父,29.7,岿技,201912,29,           300,            27
面没合档 没林蕊傣备 汗措悼,8**,8m固父,29.7,傈技,202001,7,"         5,000",             0
面没合档 没林蕊傣备 汗措悼,8**,8m固父,29.7,傈技,202001,7,"         5,500",             0
面没合档 没林蕊傣备 汗措悼,1***,8m固父,29.7,傈技,202002,9,"         3,500",             0
面没合档 没林蕊傣备 汗措悼,8**,8m固父,29.7,傈技,201905,14,"         2,000",             0
面没合档 没林蕊傣备 汗措悼,3***,12m固父,29.7,傈技,201911,15,"         5,000",             0
面没合档 没林蕊傣备 汗措悼,3***,12m固父,29.7,傈技,201911,15,"         5,000",             0
面没合档 没林蕊傣备 汗措悼,8**,8m固父,29.7,傈技,201911,17,"         5,500",             0
面没合档 没林蕊傣备 汗措悼,1**,8m固父,29.7,傈技,201905,21,"         2,000",             0
面没合档 没林蕊傣备 汗措悼,1***,12m固父,29.7,傈技,201907,24,"         4,000",             0
面没合档 没林蕊傣备 汗措悼,3*,8m固父,29.7,傈技,201911,29,"         4,000",             0
面没合档 没林蕊傣备 汗措悼,2**,8m固父,29.75,岿技,202002,29,           100,            24
面没合档 没林蕊傣备 汗措悼,3***,12m固父,29.85,傈技,202003,25,"         5,000",             0
面没合档 没林蕊傣备 汗措悼,1**,8m固父,30,岿技,201905,1,           250,            25
面没合档 没林蕊傣备 汗措悼,1***,8m固父,30,岿技,202001,3,           300,            35
面没合档 没林蕊傣备 汗措悼,2*,8m固父,30,岿技,201905,3,           300,            37
面没合档 没林蕊傣备 汗措悼,2**,8m固父,30,岿技,202001,5,           200,            28
面没合档 没林蕊傣备 汗措悼,2***,-,30,岿技,201907,5,"         2,500",            24
面没合档 没林蕊傣备 汗措悼,1***,8m固父,30,岿技,201905,6,           100,            25
面没合档 没林蕊傣备 汗措悼,4**,12m固父,30,岿技,202002,8,"         1,500",            20
面没合档 没林蕊傣备 汗措悼,4*,8m固父,30,岿技,201905,10,           100,            25
面没合档 没林蕊傣备 汗措悼,1*,8m固父,30,岿技,201908,11,"         4,500",             5
面没合档 没林蕊傣备 汗措悼,8**,8m固父,30,岿技,202002,12,           100,            25
面没合档 没林蕊傣备 汗措悼,3***,12m固父,30,岿技,201909,14,           300,            33
面没合档 没林蕊傣备 汗措悼,3***,12m固父,30,岿技,201909,14,           300,            33
面没合档 没林蕊傣备 汗措悼,1**,8m固父,30,岿技,201912,15,           150,            30
面没合档 没林蕊傣备 汗措悼,2***,12m固父,30,岿技,201905,19,"         1,000",            19
面没合档 没林蕊傣备 汗措悼,9**,-,30,岿技,202002,20,           500,            32
面没合档 没林蕊傣备 汗措悼,1***,12m固父,30,岿技,202002,20,"         1,500",            28
面没合档 没林蕊傣备 汗措悼,1***,-,30,岿技,201908,23,           150,            35
面没合档 没林蕊傣备 汗措悼,8**,8m固父,30,岿技,202002,23,           200,            25
面没合档 没林蕊傣备 汗措悼,2***,12m固父,30,岿技,202001,23,           300,            30
面没合档 没林蕊傣备 汗措悼,1***,25m固父,30,岿技,202004,25,           200,            30
面没合档 没林蕊傣备 汗措悼,1***,8m固父,30,岿技,202002,25,"         1,700",            20
面没合档 没林蕊傣备 汗措悼,1**,8m固父,30,岿技,201909,26,           200,            30
面没合档 没林蕊傣备 汗措悼,3**,25m固父,30,岿技,202004,27,           400,            45
面没合档 没林蕊傣备 汗措悼,2***,-,30,岿技,201905,29,           100,            25
面没合档 没林蕊傣备 汗措悼,1***,-,30,岿技,201912,29,           200,            32
面没合档 没林蕊傣备 汗措悼,3***,12m固父,30,岿技,201912,29,           200,            50
面没合档 没林蕊傣备 汗措悼,4**,12m固父,30,岿技,201911,29,"         1,000",            40
面没合档 没林蕊傣备 汗措悼,2**,8m固父,30,岿技,202003,29,"         1,500",            15
面没合档 没林蕊傣备 汗措悼,3***,12m固父,30,岿技,201905,30,"         1,000",            30
面没合档 没林蕊傣备 汗措悼,2***,12m固父,30,傈技,201907,1,"         3,500",             0
面没合档 没林蕊傣备 汗措悼,1***,8m固父,30,傈技,202003,2,"         3,500",             0
面没合档 没林蕊傣备 汗措悼,8**,8m固父,30,傈技,202002,2,"         5,000",             0
面没合档 没林蕊傣备 汗措悼,3***,-,30,傈技,202004,2,"         5,000",             0
面没合档 没林蕊傣备 汗措悼,2***,12m固父,30,傈技,201908,3,"         1,700",             0
面没合档 没林蕊傣备 汗措悼,1*,12m固父,30,傈技,201908,3,"         2,300",             0
面没合档 没林蕊傣备 汗措悼,2***,12m固父,30,傈技,201909,3,"         3,000",             0
面没合档 没林蕊傣备 汗措悼,3***,12m固父,30,傈技,202001,4,"         4,000",             0
面没合档 没林蕊傣备 汗措悼,1***,8m固父,30,傈技,202002,4,"         5,000",             0
面没合档 没林蕊傣备 汗措悼,5*,8m固父,30,傈技,202004,4,"         5,000",             0
面没合档 没林蕊傣备 汗措悼,2***,12m固父,30,傈技,202001,6,"         2,000",             0
面没合档 没林蕊傣备 汗措悼,2***,12m固父,30,傈技,202003,6,"         2,000",             0
面没合档 没林蕊傣备 汗措悼,2***,12m固父,30,傈技,202003,6,"         2,500",             0
面没合档 没林蕊傣备 汗措悼,3***,25m固父,30,傈技,201908,6,"         4,500",             0
面没合档 没林蕊傣备 汗措悼,8**,8m固父,30,傈技,202002,7,"         2,500",             0
面没合档 没林蕊傣备 汗措悼,2***,12m固父,30,傈技,201905,7,"         2,500",             0
面没合档 没林蕊傣备 汗措悼,2***,12m固父,30,傈技,201906,8,"         1,700",             0
面没合档 没林蕊傣备 汗措悼,3***,25m固父,30,傈技,201908,8,"         4,500",             0
面没合档 没林蕊傣备 汗措悼,2***,12m固父,30,傈技,201907,9,"         3,500",             0
面没合档 没林蕊傣备 汗措悼,3***,12m固父,30,傈技,202004,9,"         4,000",             0
面没合档 没林蕊傣备 汗措悼,3***,12m固父,30,傈技,201912,9,"         4,000",             0
面没合档 没林蕊傣备 汗措悼,1***,8m固父,30,傈技,202001,9,"         5,000",             0
面没合档 没林蕊傣备 汗措悼,7**,8m固父,30,傈技,202002,10,"         4,500",             0
面没合档 没林蕊傣备 汗措悼,1***,8m固父,30,傈技,202001,10,"         5,000",             0
面没合档 没林蕊傣备 汗措悼,4**,-,30,傈技,202001,10,"         6,500",             0
面没合档 没林蕊傣备 汗措悼,3***,12m固父,30,傈技,201906,11,"         5,000",             0
面没合档 没林蕊傣备 汗措悼,9**,8m固父,30,傈技,202002,12,"         2,000",             0
面没合档 没林蕊傣备 汗措悼,1***,8m固父,30,傈技,202003,12,"         3,500",             0
面没合档 没林蕊傣备 汗措悼,2***,8m固父,30,傈技,202001,12,"         4,500",             0
面没合档 没林蕊傣备 汗措悼,3***,25m固父,30,傈技,202002,13,"         4,500",             0
面没合档 没林蕊傣备 汗措悼,3***,12m固父,30,傈技,202001,13,"         4,500",             0
面没合档 没林蕊傣备 汗措悼,1***,8m固父,30,傈技,201912,13,"         6,000",             0
面没合档 没林蕊傣备 汗措悼,2**,8m固父,30,傈技,201905,14,"         4,000",             0
面没合档 没林蕊傣备 汗措悼,2***,12m固父,30,傈技,201910,15,"         2,000",             0
面没合档 没林蕊傣备 汗措悼,3***,12m固父,30,傈技,201908,15,"         4,500",             0
面没合档 没林蕊傣备 汗措悼,9**,-,30,傈技,201906,15,"         5,000",             0
面没合档 没林蕊傣备 汗措悼,1***,8m固父,30,傈技,202003,16,"         3,500",             0
面没合档 没林蕊傣备 汗措悼,1*,8m固父,30,傈技,201908,17,"         3,300",             0
面没合档 没林蕊傣备 汗措悼,3***,12m固父,30,傈技,201907,17,"         4,000",             0
面没合档 没林蕊傣备 汗措悼,1***,8m固父,30,傈技,201909,18,"         2,000",             0
面没合档 没林蕊傣备 汗措悼,2***,8m固父,30,傈技,201911,18,"         4,000",             0
面没合档 没林蕊傣备 汗措悼,5*,8m固父,30,傈技,201909,18,"         5,000",             0
面没合档 没林蕊傣备 汗措悼,5*,8m固父,30,傈技,201909,18,"         5,000",             0
面没合档 没林蕊傣备 汗措悼,8**,8m固父,30,傈技,202001,18,"         5,000",             0
面没合档 没林蕊傣备 汗措悼,2***,12m固父,30,傈技,201909,19,"         2,500",             0
面没合档 没林蕊傣备 汗措悼,1**,8m固父,30,傈技,201909,19,"         4,000",             0
面没合档 没林蕊傣备 汗措悼,1***,8m固父,30,傈技,201912,19,"         5,000",             0
面没合档 没林蕊傣备 汗措悼,8**,8m固父,30,傈技,202002,20,"         5,000",             0
面没合档 没林蕊傣备 汗措悼,8**,8m固父,30,傈技,202002,21,"         5,500",             0
面没合档 没林蕊傣备 汗措悼,1**,-,30,傈技,202004,21,"         6,000",             0
面没合档 没林蕊傣备 汗措悼,1***,8m固父,30,傈技,201912,22,"         5,000",             0
面没合档 没林蕊傣备 汗措悼,2***,12m固父,30,傈技,201909,23,"         2,000",             0
面没合档 没林蕊傣备 汗措悼,2***,-,30,傈技,201908,23,"         4,000",             0
面没合档 没林蕊傣备 汗措悼,8**,8m固父,30,傈技,201912,24,"         5,000",             0
面没合档 没林蕊傣备 汗措悼,3***,12m固父,30,傈技,201907,25,"         4,000",             0
面没合档 没林蕊傣备 汗措悼,2***,12m固父,30,傈技,201906,26,"         2,500",             0
面没合档 没林蕊傣备 汗措悼,2***,12m固父,30,傈技,201908,27,"         3,000",             0
面没合档 没林蕊傣备 汗措悼,2***,25m固父,30,傈技,202003,27,"         3,000",             0
面没合档 没林蕊傣备 汗措悼,2***,25m固父,30,傈技,201906,28,"         3,000",             0
面没合档 没林蕊傣备 汗措悼,2***,12m固父,30,傈技,201909,28,"         3,300",             0
面没合档 没林蕊傣备 汗措悼,3***,12m固父,30,傈技,201910,28,"         5,000",             0
面没合档 没林蕊傣备 汗措悼,2***,-,30,傈技,201912,28,"         5,000",             0
面没合档 没林蕊傣备 汗措悼,2***,12m固父,30,傈技,201905,29,"         2,000",             0
面没合档 没林蕊傣备 汗措悼,7**,8m固父,30,傈技,202002,29,"         4,500",             0
面没合档 没林蕊傣备 汗措悼,1***,8m固父,30,傈技,201907,30,"         3,500",             0
面没合档 没林蕊傣备 汗措悼,1***,8m固父,30.04,傈技,202001,6,"         4,000",             0
面没合档 没林蕊傣备 汗措悼,1***,-,30.04,傈技,201907,17,"         4,000",             0
面没合档 没林蕊傣备 汗措悼,3***,12m固父,30.12,岿技,201909,1,           300,            36
面没合档 没林蕊傣备 汗措悼,2***,12m固父,30.12,岿技,201911,5,           100,            30
面没合档 没林蕊傣备 汗措悼,3**,8m固父,30.12,岿技,201907,13,           500,            36
面没合档 没林蕊傣备 汗措悼,1*,12m固父,30.12,岿技,201909,18,           200,            31
面没合档 没林蕊傣备 汗措悼,1***,8m固父,30.12,岿技,202002,21,           800,            35
面没合档 没林蕊傣备 汗措悼,3***,12m固父,30.12,岿技,201910,22,           200,            35
面没合档 没林蕊傣备 汗措悼,8**,8m固父,30.12,岿技,201912,23,           600,            30
面没合档 没林蕊傣备 汗措悼,2***,12m固父,30.12,岿技,201905,25,           100,            25
面没合档 没林蕊傣备 汗措悼,2**,8m固父,30.2,傈技,202001,8,"         3,000",             0
面没合档 没林蕊傣备 汗措悼,2**,8m固父,30.2,傈技,201906,21,"         3,000",             0
面没合档 没林蕊傣备 汗措悼,8**,8m固父,30.25,傈技,202001,3,"         4,500",             0
面没合档 没林蕊傣备 汗措悼,1***,12m固父,31,傈技,202004,2,"         5,000",             0
面没合档 没林蕊傣备 汗措悼,2***,12m固父,31,傈技,202001,5,"         3,000",             0
面没合档 没林蕊傣备 汗措悼,3***,12m固父,31.2,傈技,201906,20,"         3,500",             0
面没合档 没林蕊傣备 汗措悼,1***,12m固父,31.37,傈技,202002,11,"         4,000",             0
面没合档 没林蕊傣备 汗措悼,1**,12m固父,31.5,傈技,202001,2,"         4,000",             0
面没合档 没林蕊傣备 汗措悼,2***,8m固父,32,傈技,201907,5,"         4,000",             0
面没合档 没林蕊傣备 汗措悼,1***,8m固父,32,傈技,201908,7,"         2,200",             0
面没合档 没林蕊傣备 汗措悼,3***,25m固父,32,傈技,201905,28,"         4,500",             0
面没合档 没林蕊傣备 汗措悼,8**,-,32.12,傈技,201908,26,"         6,500",             0
面没合档 没林蕊傣备 汗措悼,8**,-,32.12,傈技,201908,26,"         6,500",             0
面没合档 没林蕊傣备 汗措悼,1***,8m固父,32.15,傈技,202002,13,"         3,000",             0
面没合档 没林蕊傣备 汗措悼,2**,8m固父,32.39,岿技,201908,9,           200,            30
面没合档 没林蕊傣备 汗措悼,3***,12m固父,32.47,傈技,201910,30,"         5,000",             0
面没合档 没林蕊傣备 汗措悼,1***,8m固父,32.69,傈技,201908,2,"         2,500",             0
面没合档 没林蕊傣备 汗措悼,3***,12m固父,33,岿技,201910,1,           200,            32
面没合档 没林蕊傣备 汗措悼,3***,12m固父,33,岿技,201908,2,           200,            35
面没合档 没林蕊傣备 汗措悼,3***,12m固父,33,岿技,201908,5,           300,            35
面没合档 没林蕊傣备 汗措悼,8**,8m固父,33,岿技,202002,10,"         1,500",            28
面没合档 没林蕊傣备 汗措悼,1*,8m固父,33,岿技,201911,12,           200,            30
面没合档 没林蕊傣备 汗措悼,1**,12m固父,33,岿技,201910,12,           300,            35
面没合档 没林蕊傣备 汗措悼,5*,8m固父,33,岿技,201906,14,           300,            33
面没合档 没林蕊傣备 汗措悼,6*,8m固父,33,岿技,201912,15,           500,            26
面没合档 没林蕊傣备 汗措悼,3***,12m固父,33,岿技,201907,16,           200,            32
面没合档 没林蕊傣备 汗措悼,3***,12m固父,33,岿技,201907,16,           400,            29
面没合档 没林蕊傣备 汗措悼,3*,12m固父,33,岿技,202002,19,           200,            30
面没合档 没林蕊傣备 汗措悼,1**,12m固父,33,岿技,202001,20,"         2,000",            25
面没合档 没林蕊傣备 汗措悼,2**,8m固父,33,岿技,202004,21,"         1,000",            30
面没合档 没林蕊傣备 汗措悼,3***,12m固父,33,岿技,202003,22,           300,            35
面没合档 没林蕊傣备 汗措悼,1*,12m固父,33,岿技,201906,23,           200,            30
面没合档 没林蕊傣备 汗措悼,2***,12m固父,33,岿技,201907,29,           100,            25
面没合档 没林蕊傣备 汗措悼,1*,8m固父,33,傈技,202004,1,"         5,000",             0
面没合档 没林蕊傣备 汗措悼,3**,12m固父,33,傈技,202003,2,"         4,000",             0
面没合档 没林蕊傣备 汗措悼,3*,8m固父,33,傈技,201905,2,"         4,000",             0
面没合档 没林蕊傣备 汗措悼,7**,8m固父,33,傈技,202003,3,"         5,500",             0
面没合档 没林蕊傣备 汗措悼,8**,25m固父,33,傈技,201906,4,"         1,800",             0
面没合档 没林蕊傣备 汗措悼,2***,12m固父,33,傈技,202002,4,"         3,000",             0
面没合档 没林蕊傣备 汗措悼,2**,8m固父,33,傈技,201909,4,"         4,000",             0
面没合档 没林蕊傣备 汗措悼,2**,8m固父,33,傈技,201909,4,"         4,000",             0
面没合档 没林蕊傣备 汗措悼,2***,12m固父,33,傈技,201908,5,"         2,500",             0
面没合档 没林蕊傣备 汗措悼,8**,8m固父,33,傈技,201907,5,"         4,500",             0
面没合档 没林蕊傣备 汗措悼,2***,12m固父,33,傈技,201906,6,"         3,000",             0
面没合档 没林蕊傣备 汗措悼,1*,8m固父,33,傈技,202002,7,"         4,500",             0
面没合档 没林蕊傣备 汗措悼,1***,-,33,傈技,201906,8,"         3,000",             0
面没合档 没林蕊傣备 汗措悼,8**,12m固父,33,傈技,201912,8,"         4,500",             0
面没合档 没林蕊傣备 汗措悼,3***,-,33,傈技,201912,10,"         4,000",             0
面没合档 没林蕊傣备 汗措悼,1***,25m固父,33,傈技,202002,10,"         4,000",             0
面没合档 没林蕊傣备 汗措悼,3***,12m固父,33,傈技,201912,10,"         4,000",             0
面没合档 没林蕊傣备 汗措悼,3***,12m固父,33,傈技,201912,10,"         4,000",             0
面没合档 没林蕊傣备 汗措悼,8**,25m固父,33,傈技,201909,11,"         1,800",             0
面没合档 没林蕊傣备 汗措悼,2***,12m固父,33,傈技,201906,13,"         2,500",             0
面没合档 没林蕊傣备 汗措悼,1*,8m固父,33,傈技,201907,13,"         3,500",             0
面没合档 没林蕊傣备 汗措悼,1***,12m固父,33,傈技,202002,13,"         3,500",             0
面没合档 没林蕊傣备 汗措悼,1***,25m固父,33,傈技,201912,13,"         4,000",             0
面没合档 没林蕊傣备 汗措悼,*,12m固父,33,傈技,202003,13,"         5,000",             0
面没合档 没林蕊傣备 汗措悼,9**,25m固父,33,傈技,201907,14,"         4,000",             0
面没合档 没林蕊傣备 汗措悼,8**,8m固父,33,傈技,201908,15,"         4,000",             0
面没合档 没林蕊傣备 汗措悼,2***,12m固父,33,傈技,201907,16,"         2,500",             0
面没合档 没林蕊傣备 汗措悼,1*,8m固父,33,傈技,201905,16,"         3,500",             0
面没合档 没林蕊傣备 汗措悼,2**,8m固父,33,傈技,201906,16,"         4,000",             0
面没合档 没林蕊傣备 汗措悼,3***,12m固父,33,傈技,202002,17,"         4,500",             0
面没合档 没林蕊傣备 汗措悼,3***,12m固父,33,傈技,201911,18,"         4,500",             0
面没合档 没林蕊傣备 汗措悼,3***,12m固父,33,傈技,201912,18,"         5,000",             0
面没合档 没林蕊傣备 汗措悼,8**,8m固父,33,傈技,201905,21,"         4,000",             0
面没合档 没林蕊傣备 汗措悼,3***,-,33,傈技,202003,21,"         4,500",             0
面没合档 没林蕊傣备 汗措悼,1***,-,33,傈技,202002,22,"         5,500",             0
面没合档 没林蕊傣备 汗措悼,2**,8m固父,33,傈技,201905,23,"         2,800",             0
面没合档 没林蕊傣备 汗措悼,1**,12m固父,33,傈技,201907,23,"         4,500",             0
面没合档 没林蕊傣备 汗措悼,3***,12m固父,33,傈技,201911,23,"         5,500",             0
面没合档 没林蕊傣备 汗措悼,1**,-,33,傈技,202004,24,"         6,000",             0
面没合档 没林蕊傣备 汗措悼,1***,12m固父,33,傈技,201905,25,"         5,000",             0
面没合档 没林蕊傣备 汗措悼,1***,8m固父,33,傈技,201912,27,"         4,000",             0
面没合档 没林蕊傣备 汗措悼,3***,12m固父,33,傈技,201909,27,"         4,500",             0
面没合档 没林蕊傣备 汗措悼,1**,8m固父,33,傈技,201909,28,"         3,500",             0
面没合档 没林蕊傣备 汗措悼,2**,8m固父,33,傈技,201910,28,"         3,500",             0
面没合档 没林蕊傣备 汗措悼,3***,12m固父,33,傈技,201911,28,"         4,000",             0
面没合档 没林蕊傣备 汗措悼,2**,8m固父,33,傈技,201907,29,"         4,000",             0
面没合档 没林蕊傣备 汗措悼,3***,12m固父,33,傈技,201907,30,"         4,000",             0
面没合档 没林蕊傣备 汗措悼,2**,8m固父,33,傈技,201909,30,"         4,000",             0
面没合档 没林蕊傣备 汗措悼,2***,12m固父,33.05,岿技,201912,3,           200,            32
面没合档 没林蕊傣备 汗措悼,3***,12m固父,33.17,岿技,202002,14,           300,            31
面没合档 没林蕊傣备 汗措悼,8**,8m固父,33.36,岿技,202002,21,"         1,500",            30
面没合档 没林蕊傣备 汗措悼,3**,25m固父,33.36,傈技,202002,1,"         6,500",             0
面没合档 没林蕊傣备 汗措悼,8**,25m固父,33.84,傈技,201905,25,"         1,750",             0
面没合档 没林蕊傣备 汗措悼,3***,12m固父,34,岿技,201909,21,"         1,000",            30
面没合档 没林蕊傣备 汗措悼,2***,12m固父,35,岿技,201912,15,"         1,000",            30
面没合档 没林蕊傣备 汗措悼,2***,8m固父,35,岿技,202002,18,           300,            25
面没合档 没林蕊傣备 汗措悼,1***,12m固父,35,岿技,201910,24,"         1,000",            35
面没合档 没林蕊傣备 汗措悼,2***,8m固父,35,岿技,202001,28,"         1,500",             8
面没合档 没林蕊傣备 汗措悼,3**,12m固父,35,岿技,201910,30,"         2,000",             7
面没合档 没林蕊傣备 汗措悼,9**,8m固父,35,岿技,201910,31,           200,            38
面没合档 没林蕊傣备 汗措悼,1***,8m固父,35,傈技,201907,6,"         1,800",             0
面没合档 没林蕊傣备 汗措悼,1***,12m固父,35,傈技,201911,7,"         2,500",             0
面没合档 没林蕊傣备 汗措悼,1***,12m固父,35,傈技,202003,7,"         4,500",             0
面没合档 没林蕊傣备 汗措悼,1***,8m固父,35,傈技,202002,10,"         2,000",             0
面没合档 没林蕊傣备 汗措悼,1***,8m固父,35,傈技,202002,11,"         2,500",             0
面没合档 没林蕊傣备 汗措悼,1**,8m固父,35,傈技,201906,11,"         6,000",             0
面没合档 没林蕊傣备 汗措悼,3***,12m固父,35,傈技,201910,14,"         3,000",             0
面没合档 没林蕊傣备 汗措悼,1**,12m固父,35,傈技,202004,16,"         7,500",             0
面没合档 没林蕊傣备 汗措悼,1**,12m固父,35,傈技,201906,17,"         4,500",             0
面没合档 没林蕊傣备 汗措悼,2***,8m固父,35,傈技,202004,18,"         2,000",             0
面没合档 没林蕊傣备 汗措悼,2***,8m固父,35,傈技,202003,20,"         3,000",             0
面没合档 没林蕊傣备 汗措悼,3***,12m固父,35,傈技,201912,20,"         4,000",             0
面没合档 没林蕊傣备 汗措悼,1***,25m固父,35,傈技,201911,22,"         2,500",             0
面没合档 没林蕊傣备 汗措悼,4*,8m固父,35.12,傈技,202004,10,"         5,000",             0
面没合档 没林蕊傣备 汗措悼,9**,-,36,岿技,201908,15,           300,            40
面没合档 没林蕊傣备 汗措悼,3***,12m固父,36,岿技,202002,23,           300,            35
面没合档 没林蕊傣备 汗措悼,3***,12m固父,36,傈技,202004,16,"         4,500",             0
面没合档 没林蕊傣备 汗措悼,3***,12m固父,36,傈技,202003,18,"         3,500",             0
面没合档 没林蕊傣备 汗措悼,3***,12m固父,36,傈技,201910,25,"         4,500",             0
面没合档 没林蕊傣备 汗措悼,1**,12m固父,36.36,岿技,201905,4,"         1,000",            37
面没合档 没林蕊傣备 汗措悼,2**,8m固父,36.6,岿技,201912,4,           300,            33
面没合档 没林蕊傣备 汗措悼,4**,12m固父,37,岿技,202001,2,           400,            45
面没合档 没林蕊傣备 汗措悼,8**,-,37,岿技,201907,21,"         2,000",            40
面没合档 没林蕊傣备 汗措悼,3***,12m固父,37,傈技,202002,6,"         4,500",             0
面没合档 没林蕊傣备 汗措悼,1***,8m固父,37,傈技,201912,20,"         4,000",             0
面没合档 没林蕊傣备 汗措悼,2***,8m固父,37,傈技,202003,30,"         2,000",             0
面没合档 没林蕊傣备 汗措悼,3***,12m固父,37,傈技,202001,30,"         4,500",             0
面没合档 没林蕊傣备 汗措悼,2***,8m固父,37.02,傈技,202003,16,"         3,000",             0
面没合档 没林蕊傣备 汗措悼,1***,8m固父,37.08,傈技,202004,4,"         2,500",             0
面没合档 没林蕊傣备 汗措悼,1***,8m固父,37.08,傈技,202004,4,"         3,000",             0
面没合档 没林蕊傣备 汗措悼,8**,12m固父,37.17,傈技,202001,21,"         4,500",             0
面没合档 没林蕊傣备 汗措悼,1**,25m固父,37.48,岿技,201911,28,"         1,500",            20
面没合档 没林蕊傣备 汗措悼,1***,8m固父,37.5,傈技,201909,25,"         3,000",             0
面没合档 没林蕊傣备 汗措悼,2***,8m固父,37.6,傈技,202002,13,"         2,300",             0
面没合档 没林蕊傣备 汗措悼,8**,8m固父,37.95,傈技,202003,4,"         5,000",             0
面没合档 没林蕊傣备 汗措悼,1*,8m固父,38,岿技,201905,28,"         3,000",            12
面没合档 没林蕊傣备 汗措悼,1***,12m固父,38,傈技,202001,13,"         4,000",             0
面没合档 没林蕊傣备 汗措悼,1*,8m固父,38,傈技,202002,14,"         4,500",             0
面没合档 没林蕊傣备 汗措悼,1*,8m固父,38,傈技,201906,28,"         4,500",             0
面没合档 没林蕊傣备 汗措悼,3***,12m固父,38.5,傈技,201909,5,"         4,000",             0
面没合档 没林蕊傣备 汗措悼,1***,8m固父,39,岿技,202003,2,"         1,000",            30
面没合档 没林蕊傣备 汗措悼,1***,8m固父,39,岿技,202004,7,"         1,000",            30
面没合档 没林蕊傣备 汗措悼,8**,12m固父,39,岿技,201908,28,           400,            39
面没合档 没林蕊傣备 汗措悼,3***,-,39,傈技,201909,3,"         5,000",             0
面没合档 没林蕊傣备 汗措悼,3***,12m固父,39,傈技,202001,6,"         5,000",             0
面没合档 没林蕊傣备 汗措悼,1***,8m固父,39,傈技,201911,25,"         5,000",             0
面没合档 没林蕊傣备 汗措悼,1***,12m固父,39.14,傈技,202001,18,"         3,000",             0
面没合档 没林蕊傣备 汗措悼,9**,8m固父,39.6,岿技,201912,11,           500,            48
面没合档 没林蕊傣备 汗措悼,2***,12m固父,39.6,岿技,201906,12,           300,            37
面没合档 没林蕊傣备 汗措悼,2***,12m固父,39.6,岿技,201911,13,           200,            35
面没合档 没林蕊傣备 汗措悼,9**,8m固父,39.6,岿技,201909,28,           300,            38
面没合档 没林蕊傣备 汗措悼,1***,12m固父,39.6,傈技,201911,10,"         4,500",             0
面没合档 没林蕊傣备 汗措悼,3*,-,39.6,傈技,202003,14,"         7,000",             0
面没合档 没林蕊傣备 汗措悼,7**,25m固父,39.6,傈技,202001,22,"         8,000",             0
面没合档 没林蕊傣备 汗措悼,3**,25m固父,39.6,傈技,201908,25,"         6,500",             0
面没合档 没林蕊傣备 汗措悼,1***,-,39.6,傈技,201910,27,"         4,500",             0
面没合档 没林蕊傣备 汗措悼,1**,-,39.66,傈技,202004,16,"         7,500",             0
面没合档 没林蕊傣备 汗措悼,1**,12m固父,39.66,傈技,202004,16,"         7,500",             0
面没合档 没林蕊傣备 汗措悼,1**,-,39.66,傈技,202004,17,"         7,500",             0
面没合档 没林蕊傣备 汗措悼,2***,8m固父,39.78,傈技,201907,15,"         2,500",             0
面没合档 没林蕊傣备 汗措悼,2***,8m固父,39.78,傈技,201907,22,"         2,500",             0
面没合档 没林蕊傣备 汗措悼,3***,12m固父,40,岿技,201909,4,           300,            45
面没合档 没林蕊傣备 汗措悼,3*,12m固父,40,岿技,201912,5,           500,            48
面没合档 没林蕊傣备 汗措悼,3*,12m固父,40,岿技,202002,7,"         1,000",            44
面没合档 没林蕊傣备 汗措悼,1***,8m固父,40,岿技,202002,8,"         2,500",            20
面没合档 没林蕊傣备 汗措悼,1***,8m固父,40,岿技,201906,11,           300,            45
面没合档 没林蕊傣备 汗措悼,2***,12m固父,40,岿技,201907,12,           300,            35
面没合档 没林蕊傣备 汗措悼,1***,8m固父,40,岿技,201912,14,           500,            41
面没合档 没林蕊傣备 汗措悼,3***,12m固父,40,岿技,202002,15,           200,            30
面没合档 没林蕊傣备 汗措悼,2**,8m固父,40,岿技,201905,16,           200,            30
面没合档 没林蕊傣备 汗措悼,9**,8m固父,40,岿技,202003,16,           500,            48
面没合档 没林蕊傣备 汗措悼,1**,8m固父,40,岿技,201907,22,           300,            45
面没合档 没林蕊傣备 汗措悼,4*,8m固父,40,岿技,201912,29,           500,            36
面没合档 没林蕊傣备 汗措悼,2***,12m固父,40,傈技,202004,1,"         4,000",             0
面没合档 没林蕊傣备 汗措悼,3**,25m固父,40,傈技,201907,2,"         5,000",             0
面没合档 没林蕊傣备 汗措悼,1***,8m固父,40,傈技,201912,2,"         7,000",             0
面没合档 没林蕊傣备 汗措悼,2***,8m固父,40,傈技,201905,3,"         2,500",             0
面没合档 没林蕊傣备 汗措悼,3***,12m固父,40,傈技,201907,3,"         4,500",             0
面没合档 没林蕊傣备 汗措悼,3*,8m固父,40,傈技,201906,3,"         5,000",             0
面没合档 没林蕊傣备 汗措悼,2***,12m固父,40,傈技,201908,5,"         4,000",             0
面没合档 没林蕊傣备 汗措悼,5*,8m固父,40,傈技,202003,5,"         5,000",             0
面没合档 没林蕊傣备 汗措悼,2***,12m固父,40,傈技,202001,5,"         7,000",             0
面没合档 没林蕊傣备 汗措悼,3***,12m固父,40,傈技,201912,7,"         7,000",             0
面没合档 没林蕊傣备 汗措悼,7**,8m固父,40,傈技,201909,8,"         3,000",             0
面没合档 没林蕊傣备 汗措悼,2***,8m固父,40,傈技,201912,9,"         5,000",             0
面没合档 没林蕊傣备 汗措悼,4**,12m固父,40,傈技,201910,9,"         8,000",             0
面没合档 没林蕊傣备 汗措悼,3*,8m固父,40,傈技,201906,10,"         4,000",             0
面没合档 没林蕊傣备 汗措悼,4**,12m固父,40,傈技,201909,11,"         9,000",             0
面没合档 没林蕊傣备 汗措悼,1***,8m固父,40,傈技,202003,12,"         2,700",             0
面没合档 没林蕊傣备 汗措悼,3**,-,40,傈技,201907,12,"         6,500",             0
面没合档 没林蕊傣备 汗措悼,3*,8m固父,40,傈技,202004,13,"         5,000",             0
面没合档 没林蕊傣备 汗措悼,1***,8m固父,40,傈技,201910,16,"         3,500",             0
面没合档 没林蕊傣备 汗措悼,3***,12m固父,40,傈技,201907,19,"         5,500",             0
面没合档 没林蕊傣备 汗措悼,2***,12m固父,40,傈技,202002,23,"         4,000",             0
面没合档 没林蕊傣备 汗措悼,7*,8m固父,40,傈技,202003,23,"         4,500",             0
面没合档 没林蕊傣备 汗措悼,1***,8m固父,40,傈技,201906,24,"         3,000",             0
面没合档 没林蕊傣备 汗措悼,3***,12m固父,40,傈技,201910,25,"         5,000",             0
面没合档 没林蕊傣备 汗措悼,6*,-,40,傈技,201912,27,"         4,000",             0
面没合档 没林蕊傣备 汗措悼,3***,12m固父,40,傈技,201909,28,"         6,500",             0
面没合档 没林蕊傣备 汗措悼,3***,12m固父,40.12,岿技,201910,1,           300,            39
面没合档 没林蕊傣备 汗措悼,3***,12m固父,40.12,岿技,201909,7,           500,            36
面没合档 没林蕊傣备 汗措悼,2***,12m固父,40.5,傈技,201907,15,"         5,000",             0
面没合档 没林蕊傣备 汗措悼,1***,8m固父,40.5,傈技,201912,23,"         2,500",             0
面没合档 没林蕊傣备 汗措悼,1**,8m固父,40.65,傈技,201909,19,"         5,500",             0
面没合档 没林蕊傣备 汗措悼,7**,12m固父,40.69,傈技,201910,17,"         7,000",             0
面没合档 没林蕊傣备 汗措悼,3***,25m固父,40.91,傈技,201912,6,"         7,000",             0
面没合档 没林蕊傣备 汗措悼,3***,25m固父,40.91,傈技,201911,19,"         7,000",             0
面没合档 没林蕊傣备 汗措悼,1***,8m固父,40.98,傈技,202003,5,"         2,800",             0
面没合档 没林蕊傣备 汗措悼,8**,8m固父,41,傈技,202002,1,"         2,200",             0
面没合档 没林蕊傣备 汗措悼,2***,8m固父,41.04,岿技,202003,12,           400,            23
面没合档 没林蕊傣备 汗措悼,2***,12m固父,41.04,傈技,201907,8,"         3,500",             0
面没合档 没林蕊傣备 汗措悼,1**,8m固父,41.25,傈技,201909,21,"         5,000",             0
面没合档 没林蕊傣备 汗措悼,3***,12m固父,42,岿技,201906,14,           300,            35
面没合档 没林蕊傣备 汗措悼,3***,12m固父,42,傈技,201911,2,"         5,000",             0
面没合档 没林蕊傣备 汗措悼,3**,12m固父,42,傈技,201906,17,"         5,200",             0
面没合档 没林蕊傣备 汗措悼,1***,25m固父,42.3,傈技,201909,2,"         2,000",             0
面没合档 没林蕊傣备 汗措悼,3***,12m固父,42.4,傈技,201905,16,"         6,500",             0
面没合档 没林蕊傣备 汗措悼,1***,8m固父,42.54,傈技,201911,16,"         5,000",             0
面没合档 没林蕊傣备 汗措悼,8**,25m固父,42.56,傈技,201909,16,"         4,000",             0
面没合档 没林蕊傣备 汗措悼,2***,8m固父,42.68,傈技,201911,7,"         3,500",             0
面没合档 没林蕊傣备 汗措悼,2***,8m固父,42.9,傈技,201908,3,"         3,000",             0
面没合档 没林蕊傣备 汗措悼,1*,12m固父,42.9,傈技,202003,27,"         4,000",             0
面没合档 没林蕊傣备 汗措悼,5*,8m固父,42.97,岿技,201908,17,"         1,200",            46
面没合档 没林蕊傣备 汗措悼,5*,8m固父,42.97,岿技,201908,17,"         1,200",            46
面没合档 没林蕊傣备 汗措悼,1***,8m固父,43,岿技,201906,12,           200,            21
面没合档 没林蕊傣备 汗措悼,7**,12m固父,43,岿技,201905,18,"         5,000",            25
面没合档 没林蕊傣备 汗措悼,1***,8m固父,43,傈技,202001,14,"         2,700",             0
面没合档 没林蕊傣备 汗措悼,1*,8m固父,43,傈技,202001,22,"         4,500",             0
面没合档 没林蕊傣备 汗措悼,5*,8m固父,43.12,岿技,201905,17,           200,            46
面没合档 没林蕊傣备 汗措悼,3***,12m固父,44.12,岿技,202004,11,"         1,000",            36
面没合档 没林蕊傣备 汗措悼,2***,8m固父,44.21,傈技,201911,21,"         7,500",             0
面没合档 没林蕊傣备 汗措悼,2***,12m固父,45,岿技,202001,1,           500,            45
面没合档 没林蕊傣备 汗措悼,2***,25m固父,45,岿技,202004,4,"         1,000",            32
面没合档 没林蕊傣备 汗措悼,2***,12m固父,45,岿技,201905,7,           300,            36
面没合档 没林蕊傣备 汗措悼,8**,12m固父,45,岿技,201911,7,           300,            45
面没合档 没林蕊傣备 汗措悼,3***,12m固父,45,岿技,202004,8,           500,            53
面没合档 没林蕊傣备 汗措悼,8**,8m固父,45,岿技,202004,10,           500,            50
面没合档 没林蕊傣备 汗措悼,3***,12m固父,45,岿技,201910,18,           300,            37
面没合档 没林蕊傣备 汗措悼,1***,8m固父,45,岿技,201906,18,"         1,700",            30
面没合档 没林蕊傣备 汗措悼,3*,12m固父,45,岿技,201909,20,           500,            60
面没合档 没林蕊傣备 汗措悼,3***,-,45,岿技,202001,20,           500,            42
面没合档 没林蕊傣备 汗措悼,8**,12m固父,45,岿技,201912,21,           500,            50
面没合档 没林蕊傣备 汗措悼,3***,12m固父,45,岿技,201910,25,           300,            41
面没合档 没林蕊傣备 汗措悼,3***,25m固父,45,岿技,202001,29,           100,            37
面没合档 没林蕊傣备 汗措悼,4**,12m固父,45,傈技,201906,10,"        10,000",             0
面没合档 没林蕊傣备 汗措悼,4**,12m固父,45,傈技,201906,10,"        10,000",             0
面没合档 没林蕊傣备 汗措悼,7*,8m固父,45,傈技,202002,12,"         6,000",             0
面没合档 没林蕊傣备 汗措悼,1**,12m固父,45,傈技,202004,13,"         7,500",             0
面没合档 没林蕊傣备 汗措悼,1**,12m固父,45,傈技,202004,13,"         7,500",             0
面没合档 没林蕊傣备 汗措悼,1**,-,45,傈技,202004,13,"         7,500",             0
面没合档 没林蕊傣备 汗措悼,1***,8m固父,45,傈技,201912,13,"         7,500",             0
面没合档 没林蕊傣备 汗措悼,2***,12m固父,45,傈技,201906,15,"         5,000",             0
面没合档 没林蕊傣备 汗措悼,3***,-,45,傈技,202003,15,"         6,500",             0
面没合档 没林蕊傣备 汗措悼,3***,12m固父,45,傈技,202003,15,"         6,500",             0
面没合档 没林蕊傣备 汗措悼,1***,25m固父,45,傈技,201906,16,"         5,500",             0
面没合档 没林蕊傣备 汗措悼,1*,8m固父,45,傈技,201909,17,"         5,000",             0
面没合档 没林蕊傣备 汗措悼,2***,8m固父,45,傈技,201906,18,"         3,000",             0
面没合档 没林蕊傣备 汗措悼,1**,12m固父,45,傈技,202004,18,"         7,500",             0
面没合档 没林蕊傣备 汗措悼,2***,12m固父,45,傈技,202001,21,"         2,000",             0
面没合档 没林蕊傣备 汗措悼,2***,12m固父,45,傈技,201906,21,"         4,500",             0
面没合档 没林蕊傣备 汗措悼,9**,8m固父,45,傈技,201912,22,"         2,500",             0
面没合档 没林蕊傣备 汗措悼,2**,8m固父,45,傈技,201908,22,"         4,000",             0
面没合档 没林蕊傣备 汗措悼,1***,8m固父,45,傈技,202003,22,"         4,000",             0
面没合档 没林蕊傣备 汗措悼,2***,12m固父,45,傈技,201906,23,"         4,000",             0
面没合档 没林蕊傣备 汗措悼,2***,12m固父,45,傈技,201909,24,"         2,500",             0
面没合档 没林蕊傣备 汗措悼,3***,12m固父,45,傈技,201906,25,"         6,500",             0
面没合档 没林蕊傣备 汗措悼,2**,8m固父,45,傈技,201906,29,"         3,500",             0
面没合档 没林蕊傣备 汗措悼,8**,8m固父,45,傈技,201905,31,"         6,500",             0
面没合档 没林蕊傣备 汗措悼,2***,12m固父,45.84,傈技,202004,25,"         6,000",             0
面没合档 没林蕊傣备 汗措悼,2***,8m固父,46,傈技,202003,19,"         3,000",             0
面没合档 没林蕊傣备 汗措悼,1***,25m固父,46.2,岿技,202001,2,"         3,000",            33
面没合档 没林蕊傣备 汗措悼,2***,8m固父,46.2,岿技,201910,30,"         3,000",            35
面没合档 没林蕊傣备 汗措悼,3***,12m固父,46.2,傈技,202004,8,"         7,000",             0
面没合档 没林蕊傣备 汗措悼,3***,12m固父,46.2,傈技,201905,25,"         6,500",             0
面没合档 没林蕊傣备 汗措悼,3***,12m固父,46.2,傈技,201909,28,"         6,500",             0
面没合档 没林蕊傣备 汗措悼,2***,8m固父,46.22,傈技,201909,5,"         4,000",             0
面没合档 没林蕊傣备 汗措悼,3***,12m固父,46.27,岿技,201905,17,           500,            50
面没合档 没林蕊傣备 汗措悼,2**,8m固父,46.28,傈技,201905,4,"         6,500",             0
面没合档 没林蕊傣备 汗措悼,2***,8m固父,46.28,傈技,201911,11,"         3,000",             0
面没合档 没林蕊傣备 汗措悼,3*,8m固父,46.41,岿技,201908,31,           300,            25
面没合档 没林蕊傣备 汗措悼,2***,12m固父,46.71,傈技,202002,5,"         6,000",             0
面没合档 没林蕊傣备 汗措悼,2***,-,46.8,傈技,202001,30,"         7,000",             0
面没合档 没林蕊傣备 汗措悼,1***,8m固父,47,岿技,202002,11,           200,            20
面没合档 没林蕊傣备 汗措悼,1***,12m固父,47.01,傈技,202001,29,"         4,500",             0
面没合档 没林蕊傣备 汗措悼,3***,12m固父,47.26,傈技,202004,14,"         6,500",             0
面没合档 没林蕊傣备 汗措悼,2***,12m固父,47.42,傈技,201912,26,"         6,000",             0
面没合档 没林蕊傣备 汗措悼,2***,12m固父,48,傈技,201905,8,"         4,500",             0
面没合档 没林蕊傣备 汗措悼,2***,12m固父,48,傈技,201905,9,"         6,000",             0
面没合档 没林蕊傣备 汗措悼,5*,8m固父,48,傈技,201912,23,"         5,000",             0
面没合档 没林蕊傣备 汗措悼,2**,8m固父,48,傈技,201906,29,"         5,000",             0
面没合档 没林蕊傣备 汗措悼,1***,25m固父,48.5,傈技,201907,10,"         8,000",             0
面没合档 没林蕊傣备 汗措悼,1**,12m固父,48.6,傈技,201910,17,"         6,000",             0
面没合档 没林蕊傣备 汗措悼,2***,12m固父,48.67,傈技,201910,23,"         6,000",             0
面没合档 没林蕊傣备 汗措悼,2***,12m固父,48.92,傈技,201911,12,"         6,500",             0
面没合档 没林蕊傣备 汗措悼,2*,8m固父,48.94,傈技,202004,20,"         5,000",             0
面没合档 没林蕊傣备 汗措悼,2***,12m固父,49,岿技,201911,21,"         3,000",            30
面没合档 没林蕊傣备 汗措悼,2***,12m固父,49,岿技,201911,22,"         6,000",            10
面没合档 没林蕊傣备 汗措悼,1*,8m固父,49,岿技,201912,24,           300,            25
面没合档 没林蕊傣备 汗措悼,2*,8m固父,49,岿技,201910,24,"         2,000",            32
面没合档 没林蕊傣备 汗措悼,2***,12m固父,49,岿技,202002,28,"         2,000",            25
面没合档 没林蕊傣备 汗措悼,8**,8m固父,49,傈技,202002,8,"         7,000",             0
面没合档 没林蕊傣备 汗措悼,2***,12m固父,49,傈技,201908,10,"         5,500",             0
面没合档 没林蕊傣备 汗措悼,2***,12m固父,49,傈技,202003,22,"         4,000",             0
面没合档 没林蕊傣备 汗措悼,2***,12m固父,49.06,傈技,201905,9,"         6,000",             0
面没合档 没林蕊傣备 汗措悼,2***,12m固父,49.09,傈技,201908,23,"         5,500",             0
面没合档 没林蕊傣备 汗措悼,2***,12m固父,49.22,傈技,201912,23,"         4,500",             0
面没合档 没林蕊傣备 汗措悼,2***,8m固父,49.5,傈技,201908,12,"         2,500",             0
面没合档 没林蕊傣备 汗措悼,3***,-,49.5,傈技,201905,12,"         8,000",             0
面没合档 没林蕊傣备 汗措悼,1***,8m固父,49.5,傈技,201911,17,"         7,000",             0
面没合档 没林蕊傣备 汗措悼,4**,12m固父,49.5,傈技,201909,21,"        12,000",             0
面没合档 没林蕊傣备 汗措悼,2***,25m捞惑,49.5,傈技,201907,26,"         5,000",             0
面没合档 没林蕊傣备 汗措悼,5*,8m固父,49.59,岿技,201909,3,"         3,000",            15
面没合档 没林蕊傣备 汗措悼,1***,8m固父,49.62,傈技,201909,10,"         4,000",             0
面没合档 没林蕊傣备 汗措悼,1***,8m固父,49.62,傈技,201909,10,"         4,000",             0
面没合档 没林蕊傣备 汗措悼,2***,12m固父,49.8,岿技,202003,24,           100,            20
面没合档 没林蕊傣备 汗措悼,3***,12m固父,50,岿技,202001,3,           500,            52
面没合档 没林蕊傣备 汗措悼,3*,8m固父,50,岿技,201906,10,"         3,000",            35
面没合档 没林蕊傣备 汗措悼,6*,8m固父,50,岿技,202004,14,"         3,000",            30
面没合档 没林蕊傣备 汗措悼,2***,12m固父,50,岿技,202004,16,"         2,000",            31
面没合档 没林蕊傣备 汗措悼,2***,12m固父,50,岿技,201911,21,"         1,500",            40
面没合档 没林蕊傣备 汗措悼,2***,12m固父,50,岿技,201908,30,           500,            45
面没合档 没林蕊傣备 汗措悼,1***,12m固父,50,傈技,202003,1,"         7,500",             0
面没合档 没林蕊傣备 汗措悼,2**,-,50,傈技,202001,2,"         7,500",             0
面没合档 没林蕊傣备 汗措悼,2**,8m固父,50,傈技,202004,3,"         6,000",             0
面没合档 没林蕊傣备 汗措悼,1***,25m固父,50,傈技,202002,3,"         8,000",             0
面没合档 没林蕊傣备 汗措悼,4**,12m固父,50,傈技,201912,3,"        12,000",             0
面没合档 没林蕊傣备 汗措悼,2**,8m固父,50,傈技,201910,4,"         4,500",             0
面没合档 没林蕊傣备 汗措悼,4**,12m固父,50,傈技,201912,4,"        12,000",             0
面没合档 没林蕊傣备 汗措悼,4**,12m固父,50,傈技,201912,4,"        12,000",             0
面没合档 没林蕊傣备 汗措悼,3*,8m固父,50,傈技,202001,5,"         5,000",             0
面没合档 没林蕊傣备 汗措悼,2***,12m固父,50,傈技,201911,6,"         6,000",             0
面没合档 没林蕊傣备 汗措悼,1**,8m固父,50,傈技,201911,6,"         7,000",             0
面没合档 没林蕊傣备 汗措悼,2***,12m固父,50,傈技,201906,7,"         2,500",             0
面没合档 没林蕊傣备 汗措悼,2***,12m固父,50,傈技,201911,7,"         5,000",             0
面没合档 没林蕊傣备 汗措悼,1**,-,50,傈技,201907,7,"         5,500",             0
面没合档 没林蕊傣备 汗措悼,2***,12m固父,50,傈技,201908,9,"         5,000",             0
面没合档 没林蕊傣备 汗措悼,2***,12m固父,50,傈技,201912,9,"         5,000",             0
面没合档 没林蕊傣备 汗措悼,3*,8m固父,50,傈技,202004,9,"         5,000",             0
面没合档 没林蕊傣备 汗措悼,1***,8m固父,50,傈技,201909,10,"         2,500",             0
面没合档 没林蕊傣备 汗措悼,1***,8m固父,50,傈技,201909,10,"         3,500",             0
面没合档 没林蕊傣备 汗措悼,2***,25m固父,50,傈技,201907,10,"         4,000",             0
面没合档 没林蕊傣备 汗措悼,6*,8m固父,50,傈技,202003,11,"         6,000",             0
面没合档 没林蕊傣备 汗措悼,3***,-,50,傈技,201912,14,"         6,500",             0
面没合档 没林蕊傣备 汗措悼,2***,12m固父,50,傈技,201909,15,"         6,500",             0
面没合档 没林蕊傣备 汗措悼,8*,8m固父,50,傈技,202001,16,"         6,000",             0
面没合档 没林蕊傣备 汗措悼,8*,8m固父,50,傈技,201908,16,"         6,000",             0
面没合档 没林蕊傣备 汗措悼,1***,8m固父,50,傈技,201910,16,"         7,000",             0
面没合档 没林蕊傣备 汗措悼,4**,12m固父,50,傈技,202002,17,"        12,000",             0
面没合档 没林蕊傣备 汗措悼,8*,8m固父,50,傈技,201907,19,"         6,000",             0
面没合档 没林蕊傣备 汗措悼,2***,12m固父,50,傈技,202004,20,"         5,000",             0
面没合档 没林蕊傣备 汗措悼,4**,12m固父,50,傈技,202003,20,"        12,000",             0
面没合档 没林蕊傣备 汗措悼,4**,12m固父,50,傈技,201908,21,"        12,000",             0
面没合档 没林蕊傣备 汗措悼,1*,8m固父,50,傈技,201912,22,"         4,500",             0
面没合档 没林蕊傣备 汗措悼,1**,12m固父,50,傈技,201909,23,"         6,000",             0
面没合档 没林蕊傣备 汗措悼,2***,12m固父,50,傈技,202002,23,"         6,000",             0
面没合档 没林蕊傣备 汗措悼,4**,12m固父,50,傈技,201909,23,"        11,000",             0
面没合档 没林蕊傣备 汗措悼,2***,12m固父,50,傈技,202003,23,"        12,000",             0
面没合档 没林蕊傣备 汗措悼,2***,25m固父,50,傈技,201905,24,"         5,000",             0
面没合档 没林蕊傣备 汗措悼,2***,12m固父,50,傈技,201907,24,"         5,000",             0
面没合档 没林蕊傣备 汗措悼,3***,12m固父,50,傈技,201905,25,"         3,500",             0
面没合档 没林蕊傣备 汗措悼,3***,-,50,傈技,201905,26,"         6,000",             0
面没合档 没林蕊傣备 汗措悼,2***,12m固父,50,傈技,201905,27,"         3,000",             0
面没合档 没林蕊傣备 汗措悼,3***,12m固父,50,傈技,201906,28,"         4,000",             0
面没合档 没林蕊傣备 汗措悼,3***,12m固父,50,傈技,202001,29,"         4,300",             0
面没合档 没林蕊傣备 汗措悼,5*,8m固父,50,傈技,201907,29,"         5,000",             0
面没合档 没林蕊傣备 汗措悼,8**,-,50,傈技,201908,29,"         7,000",             0
面没合档 没林蕊傣备 汗措悼,1***,8m固父,50.21,傈技,201911,6,"         6,000",             0
面没合档 没林蕊傣备 汗措悼,2***,12m固父,50.95,傈技,202003,24,"         6,000",             0
面没合档 没林蕊傣备 汗措悼,4**,12m固父,51.06,傈技,201908,2,"         9,000",             0
面没合档 没林蕊傣备 汗措悼,2***,12m固父,51.68,岿技,202004,29,           300,            30
面没合档 没林蕊傣备 汗措悼,2***,12m固父,51.68,傈技,202004,20,"         6,000",             0
面没合档 没林蕊傣备 汗措悼,2***,12m固父,51.78,傈技,202002,28,"         6,000",             0
面没合档 没林蕊傣备 汗措悼,1**,8m固父,51.88,傈技,202004,13,"         4,300",             0
面没合档 没林蕊傣备 汗措悼,2***,12m固父,52.22,傈技,201907,15,"         6,000",             0
面没合档 没林蕊傣备 汗措悼,1***,8m固父,52.39,傈技,202001,22,"         5,000",             0
面没合档 没林蕊傣备 汗措悼,7**,8m固父,52.69,傈技,201908,22,"         5,000",             0
面没合档 没林蕊傣备 汗措悼,1*,12m固父,52.8,岿技,201912,17,           800,            40
面没合档 没林蕊傣备 汗措悼,2***,12m固父,52.8,岿技,201906,29,"         4,000",            20
面没合档 没林蕊傣备 汗措悼,8**,8m固父,52.8,傈技,202001,19,"         9,000",             0
面没合档 没林蕊傣备 汗措悼,6*,8m固父,52.8,傈技,201909,21,"         8,000",             0
面没合档 没林蕊傣备 汗措悼,2***,12m固父,52.8,傈技,202002,29,"         7,000",             0
面没合档 没林蕊傣备 汗措悼,1***,12m固父,52.89,岿技,201910,18,"         1,000",            45
面没合档 没林蕊傣备 汗措悼,1***,8m固父,53,傈技,201905,3,"         2,500",             0
面没合档 没林蕊傣备 汗措悼,2***,-,53,傈技,201905,16,"         6,000",             0
面没合档 没林蕊傣备 汗措悼,2***,12m固父,53,傈技,201907,22,"         4,500",             0
面没合档 没林蕊傣备 汗措悼,8**,12m固父,53.17,岿技,202004,30,"         5,000",            25
面没合档 没林蕊傣备 汗措悼,5*,8m固父,53.96,傈技,201906,15,"         6,000",             0
面没合档 没林蕊傣备 汗措悼,2**,8m固父,54,傈技,202004,28,"         3,500",             0
面没合档 没林蕊傣备 汗措悼,8**,8m固父,54.12,岿技,202004,17,           500,            40
面没合档 没林蕊傣备 汗措悼,8**,25m固父,54.12,傈技,201905,18,"         7,000",             0
面没合档 没林蕊傣备 汗措悼,1***,8m固父,54.18,傈技,201906,11,"         2,000",             0
面没合档 没林蕊傣备 汗措悼,3***,25m固父,55,岿技,201910,4,           500,            55
面没合档 没林蕊傣备 汗措悼,1*,8m固父,55,岿技,201908,16,           500,            45
面没合档 没林蕊傣备 汗措悼,2***,12m固父,55,傈技,202002,6,"         5,000",             0
面没合档 没林蕊傣备 汗措悼,2***,8m固父,55,傈技,201912,10,"         7,000",             0
面没合档 没林蕊傣备 汗措悼,1***,25m固父,55,傈技,202004,11,"         6,000",             0
面没合档 没林蕊傣备 汗措悼,7**,8m固父,55,傈技,201907,16,"         2,500",             0
面没合档 没林蕊傣备 汗措悼,2***,12m固父,55,傈技,201906,17,"         6,500",             0
面没合档 没林蕊傣备 汗措悼,3***,12m固父,55,傈技,201912,21,"         4,500",             0
面没合档 没林蕊傣备 汗措悼,8**,-,55,傈技,201911,23,"         8,000",             0
面没合档 没林蕊傣备 汗措悼,8**,8m固父,55,傈技,201907,26,"         7,000",             0
面没合档 没林蕊傣备 汗措悼,2*,12m固父,55,傈技,202004,29,"         5,500",             0
面没合档 没林蕊傣备 汗措悼,2***,12m固父,55.02,傈技,201912,23,"         6,000",             0
面没合档 没林蕊傣备 汗措悼,8**,-,56,傈技,202001,6,"         8,500",             0
面没合档 没林蕊傣备 汗措悼,3***,12m固父,56.1,岿技,202002,17,"         1,000",            45
面没合档 没林蕊傣备 汗措悼,1**,8m固父,56.1,傈技,202003,6,"         5,000",             0
面没合档 没林蕊傣备 汗措悼,2***,12m固父,56.1,傈技,201906,19,"         7,000",             0
面没合档 没林蕊傣备 汗措悼,2**,12m固父,56.17,岿技,202001,3,           500,            60
面没合档 没林蕊傣备 汗措悼,2**,8m固父,56.19,傈技,201905,4,"         7,500",             0
面没合档 没林蕊傣备 汗措悼,1***,8m固父,57.09,傈技,201906,10,"         6,000",             0
面没合档 没林蕊傣备 汗措悼,8**,8m固父,58,傈技,201905,31,"         7,000",             0
面没合档 没林蕊傣备 汗措悼,1***,8m固父,58.14,岿技,201909,3,           100,            20
面没合档 没林蕊傣备 汗措悼,1***,25m固父,58.14,傈技,202002,19,"         8,500",             0
面没合档 没林蕊傣备 汗措悼,1***,25m固父,58.14,傈技,202003,23,"         9,000",             0
面没合档 没林蕊傣备 汗措悼,2***,12m固父,58.39,傈技,201912,9,"         6,000",             0
面没合档 没林蕊傣备 汗措悼,1***,8m固父,58.4,傈技,201911,13,"         6,000",             0
面没合档 没林蕊傣备 汗措悼,4**,12m固父,58.64,傈技,201910,10,"         7,500",             0
面没合档 没林蕊傣备 汗措悼,2***,12m固父,59,岿技,202003,10,           500,            44
面没合档 没林蕊傣备 汗措悼,6*,8m固父,59,岿技,201909,30,"         2,000",            40
面没合档 没林蕊傣备 汗措悼,7**,8m固父,59,傈技,201907,2,"         5,000",             0
面没合档 没林蕊傣备 汗措悼,1***,25m固父,59,傈技,202002,3,"         8,000",             0
面没合档 没林蕊傣备 汗措悼,2***,12m固父,59,傈技,201911,12,"         6,000",             0
面没合档 没林蕊傣备 汗措悼,2***,25m固父,59,傈技,202001,30,"         5,000",             0
面没合档 没林蕊傣备 汗措悼,2***,12m固父,59.38,傈技,201909,6,"         6,000",             0
面没合档 没林蕊傣备 汗措悼,2**,8m固父,59.4,岿技,202004,27,"         2,000",            39
面没合档 没林蕊傣备 汗措悼,2**,8m固父,59.4,傈技,201910,7,"         6,000",             0
面没合档 没林蕊傣备 汗措悼,1***,12m固父,59.4,傈技,201911,12,"         8,500",             0
面没合档 没林蕊傣备 汗措悼,1***,8m固父,59.5,岿技,201911,25,           500,            50
面没合档 没林蕊傣备 汗措悼,8**,8m固父,59.85,傈技,201906,20,"         6,700",             0
面没合档 没林蕊傣备 汗措悼,2***,12m固父,59.95,傈技,201910,18,"         6,000",             0
面没合档 没林蕊傣备 汗措悼,3*,8m固父,60,岿技,201905,21,           300,            50
面没合档 没林蕊傣备 汗措悼,2***,12m固父,60,岿技,201907,25,"         2,000",            33
面没合档 没林蕊傣备 汗措悼,2*,8m固父,60,岿技,201908,25,"         3,000",            31
面没合档 没林蕊傣备 汗措悼,2***,12m固父,60,傈技,202001,3,"         6,000",             0
面没合档 没林蕊傣备 汗措悼,1***,8m固父,60,傈技,201907,7,"         6,000",             0
面没合档 没林蕊傣备 汗措悼,2***,25m固父,60,傈技,201909,11,"         6,500",             0
面没合档 没林蕊傣备 汗措悼,1***,8m固父,60,傈技,201905,13,"         7,500",             0
面没合档 没林蕊傣备 汗措悼,5*,8m固父,60,傈技,201910,14,"        10,000",             0
面没合档 没林蕊傣备 汗措悼,8**,8m固父,60,傈技,202002,18,"         7,500",             0
面没合档 没林蕊傣备 汗措悼,2**,8m固父,60,傈技,201908,21,"         5,500",             0
面没合档 没林蕊傣备 汗措悼,2***,12m固父,60,傈技,201910,24,"         6,000",             0
面没合档 没林蕊傣备 汗措悼,2***,12m固父,60,傈技,201910,27,"         6,000",             0
面没合档 没林蕊傣备 汗措悼,2***,8m固父,60,傈技,201906,27,"         7,500",             0
面没合档 没林蕊傣备 汗措悼,2***,12m固父,60.12,岿技,202002,4,           200,            46
面没合档 没林蕊傣备 汗措悼,2***,12m固父,60.12,岿技,201912,17,           300,            45
面没合档 没林蕊傣备 汗措悼,2***,12m固父,60.12,岿技,201908,26,           200,            40
面没合档 没林蕊傣备 汗措悼,2***,12m固父,60.48,傈技,202004,10,"         5,000",             0
面没合档 没林蕊傣备 汗措悼,2***,12m固父,61.11,傈技,202002,8,"         5,500",             0
面没合档 没林蕊傣备 汗措悼,2***,12m固父,61.2,傈技,202002,28,"         5,000",             0
面没合档 没林蕊傣备 汗措悼,7**,8m固父,61.21,傈技,201910,8,"         5,000",             0
面没合档 没林蕊傣备 汗措悼,2***,12m固父,61.89,傈技,201912,2,"         6,000",             0
面没合档 没林蕊傣备 汗措悼,3***,12m固父,61.95,岿技,202004,8,"         1,000",            46
面没合档 没林蕊傣备 汗措悼,1***,8m固父,62,傈技,202003,12,"         8,000",             0
面没合档 没林蕊傣备 汗措悼,2***,12m固父,62.07,傈技,201908,29,"         7,000",             0
面没合档 没林蕊傣备 汗措悼,1***,-,62.39,傈技,201907,8,"         7,000",             0
面没合档 没林蕊傣备 汗措悼,1***,25m固父,62.39,傈技,201906,19,"         7,000",             0
面没合档 没林蕊傣备 汗措悼,7*,-,62.72,岿技,201908,5,           200,            30
面没合档 没林蕊傣备 汗措悼,2***,25m捞惑,62.92,岿技,201905,13,"         3,000",            20
面没合档 没林蕊傣备 汗措悼,1***,12m固父,62.93,傈技,201911,14,"         4,000",             0
面没合档 没林蕊傣备 汗措悼,2**,8m固父,64.35,岿技,201911,21,"         1,000",            30
面没合档 没林蕊傣备 汗措悼,1***,25m固父,65,岿技,201905,3,"         1,000",           300
面没合档 没林蕊傣备 汗措悼,1***,12m固父,65,傈技,201907,27,"         7,500",             0
面没合档 没林蕊傣备 汗措悼,2***,25m固父,65.02,傈技,202003,31,"         5,000",             0
面没合档 没林蕊傣备 汗措悼,6*,8m固父,65.39,岿技,201912,17,"         1,783",             5
面没合档 没林蕊傣备 汗措悼,6*,8m固父,65.39,岿技,201911,20,           583,            11
面没合档 没林蕊傣备 汗措悼,2**,8m固父,65.92,傈技,201909,22,"         5,500",             0
面没合档 没林蕊傣备 汗措悼,1**,12m固父,66,岿技,202004,6,           500,            30
面没合档 没林蕊傣备 汗措悼,2***,12m固父,66,傈技,202002,14,"        10,000",             0
面没合档 没林蕊傣备 汗措悼,5*,8m固父,66,傈技,201908,16,"        11,000",             0
面没合档 没林蕊傣备 汗措悼,1**,12m固父,66.11,岿技,201905,29,"         1,000",            58
面没合档 没林蕊傣备 汗措悼,8**,12m固父,67.5,傈技,202003,18,"         9,000",             0
面没合档 没林蕊傣备 汗措悼,3*,8m固父,67.7,傈技,201910,13,"         9,000",             0
面没合档 没林蕊傣备 汗措悼,2***,8m固父,68.47,傈技,201910,30,"         5,000",             0
面没合档 没林蕊傣备 汗措悼,1***,25m固父,68.88,傈技,201909,5,"         7,500",             0
面没合档 没林蕊傣备 汗措悼,3***,12m固父,69.18,傈技,202004,22,"         7,000",             0
面没合档 没林蕊傣备 汗措悼,3***,25m固父,70,岿技,201908,12,"        10,000",            30
面没合档 没林蕊傣备 汗措悼,1***,8m固父,70,岿技,202003,13,"         1,000",            35
面没合档 没林蕊傣备 汗措悼,2***,12m固父,70,傈技,201912,14,"         6,500",             0
面没合档 没林蕊傣备 汗措悼,6*,8m固父,70,傈技,202002,20,"         9,000",             0
面没合档 没林蕊傣备 汗措悼,2***,12m固父,70,傈技,201909,28,"         7,000",             0
面没合档 没林蕊傣备 汗措悼,1**,8m固父,70.09,岿技,202001,21,           635,            13
面没合档 没林蕊傣备 汗措悼,3***,-,71.85,岿技,201908,20,"         6,000",            28
面没合档 没林蕊傣备 汗措悼,2*,8m固父,72.72,岿技,201906,17,           800,             4
面没合档 没林蕊傣备 汗措悼,7**,8m固父,73.37,傈技,202004,7,"         5,000",             0
面没合档 没林蕊傣备 汗措悼,2***,8m固父,78.1,傈技,201907,2,"         6,000",             0
面没合档 没林蕊傣备 汗措悼,2***,12m固父,78.56,傈技,201906,24,"         8,000",             0
面没合档 没林蕊傣备 汗措悼,2***,12m固父,78.7,傈技,201908,23,"         8,000",             0
面没合档 没林蕊傣备 汗措悼,1**,8m固父,79.59,傈技,201905,4,"         5,000",             0
面没合档 没林蕊傣备 汗措悼,2***,12m固父,80,傈技,201909,20,"        11,000",             0
面没合档 没林蕊傣备 汗措悼,1***,25m固父,80,傈技,201912,27,"         7,500",             0
面没合档 没林蕊傣备 汗措悼,6*,8m固父,80.19,傈技,201910,14,"         7,000",             0
面没合档 没林蕊傣备 汗措悼,2***,12m固父,80.87,傈技,202004,25,"         7,000",             0
面没合档 没林蕊傣备 汗措悼,2***,12m固父,81.05,傈技,201908,24,"         8,000",             0
面没合档 没林蕊傣备 汗措悼,6**,8m固父,81.9,傈技,201911,21,"        10,000",             0
面没合档 没林蕊傣备 汗措悼,1***,25m固父,82.89,傈技,201906,3,"         2,500",             0
面没合档 没林蕊傣备 汗措悼,2***,12m固父,84.88,傈技,202003,5,"        10,000",             0
面没合档 没林蕊傣备 汗措悼,3*,8m固父,85,傈技,201911,23,"        15,000",             0
面没合档 没林蕊傣备 汗措悼,2***,25m固父,85,傈技,201912,31,"         8,500",             0
面没合档 没林蕊傣备 汗措悼,2***,12m固父,88.6,傈技,201909,28,"         7,000",             0
面没合档 没林蕊傣备 汗措悼,2***,12m固父,89.25,傈技,201906,29,"        10,000",             0
面没合档 没林蕊傣备 汗措悼,6*,8m固父,90,岿技,202001,10,"         3,000",            31
面没合档 没林蕊傣备 汗措悼,1***,25m固父,90,傈技,201908,22,"         7,000",             0
面没合档 没林蕊傣备 汗措悼,2***,8m固父,91.7,傈技,201908,16,"         8,000",             0
面没合档 没林蕊傣备 汗措悼,1*,8m固父,92.95,岿技,202004,6,"         2,000",            40
面没合档 没林蕊傣备 汗措悼,9**,8m固父,93.02,傈技,201908,10,"         7,000",             0
面没合档 没林蕊傣备 汗措悼,2***,12m固父,94,傈技,201907,23,"        15,000",             0
面没合档 没林蕊傣备 汗措悼,2***,12m固父,95,傈技,201909,5,"         8,000",             0
面没合档 没林蕊傣备 汗措悼,3***,25m固父,95.13,傈技,202002,27,"        10,000",             0
面没合档 没林蕊傣备 汗措悼,1***,8m固父,95.14,傈技,201908,22,"         7,500",             0
面没合档 没林蕊傣备 汗措悼,1***,-,96,傈技,202002,19,"        17,000",             0
面没合档 没林蕊傣备 汗措悼,1*,8m固父,97.76,岿技,201909,17,"         1,500",            75
面没合档 没林蕊傣备 汗措悼,4*,8m固父,98.4,傈技,201912,15,"         7,500",             0
面没合档 没林蕊傣备 汗措悼,1**,8m固父,99.17,岿技,202002,5,"         1,000",            50
面没合档 没林蕊傣备 汗措悼,1***,12m固父,99.29,傈技,201909,10,"        12,000",             0
面没合档 没林蕊傣备 汗措悼,2***,12m固父,100,岿技,201909,22,"         1,000",            80
面没合档 没林蕊傣备 汗措悼,2***,12m固父,100,傈技,202003,7,"        14,000",             0
面没合档 没林蕊傣备 汗措悼,1**,8m固父,101.07,岿技,201906,11,"         3,000",            50
面没合档 没林蕊傣备 汗措悼,2***,25m固父,101.86,傈技,202003,9,"         9,000",             0
面没合档 没林蕊傣备 汗措悼,,-,104.82,傈技,201908,11,"        12,000",             0
面没合档 没林蕊傣备 汗措悼,2***,12m固父,105,岿技,201905,24,"         2,000",            55
面没合档 没林蕊傣备 汗措悼,2***,12m固父,105.05,傈技,202003,29,"         7,000",             0
面没合档 没林蕊傣备 汗措悼,2***,12m固父,106.47,傈技,201909,27,"        10,000",             0
面没合档 没林蕊傣备 汗措悼,2***,12m固父,106.8,傈技,202003,30,"         9,000",             0
面没合档 没林蕊傣备 汗措悼,2**,12m固父,109,傈技,201912,11,"        10,000",             0
面没合档 没林蕊傣备 汗措悼,1***,12m固父,109.73,傈技,202002,14,"         7,000",             0
面没合档 没林蕊傣备 汗措悼,3***,12m固父,110,傈技,202002,20,"        13,500",             0
面没合档 没林蕊傣备 汗措悼,3***,12m固父,110,傈技,202002,20,"        13,500",             0
面没合档 没林蕊傣备 汗措悼,2**,12m固父,112.01,岿技,201909,23,           100,            19
面没合档 没林蕊傣备 汗措悼,7**,8m固父,113.25,傈技,201908,16,"        11,000",             0
面没合档 没林蕊傣备 汗措悼,3*,12m固父,113.4,傈技,202003,10,"        15,000",             0
面没合档 没林蕊傣备 汗措悼,2***,12m固父,113.79,傈技,201911,1,"         9,000",             0
面没合档 没林蕊傣备 汗措悼,2***,12m固父,114.5,傈技,201910,15,"         8,800",             0
面没合档 没林蕊傣备 汗措悼,2***,12m固父,114.62,傈技,202003,17,"        11,000",             0
面没合档 没林蕊傣备 汗措悼,2***,12m固父,115.29,傈技,201905,16,"         9,000",             0
面没合档 没林蕊傣备 汗措悼,2**,25m固父,115.3,岿技,202002,15,"         1,000",            55
面没合档 没林蕊傣备 汗措悼,2*,12m固父,115.5,岿技,202004,2,"         2,000",            70
面没合档 没林蕊傣备 汗措悼,7**,12m固父,115.5,岿技,201908,17,"         1,000",            55
面没合档 没林蕊傣备 汗措悼,2***,12m固父,115.73,傈技,202002,10,"         8,000",             0
面没合档 没林蕊傣备 汗措悼,2***,25m固父,116.4,岿技,202002,7,"         1,000",            60
面没合档 没林蕊傣备 汗措悼,2***,12m固父,116.48,傈技,201907,11,"        10,000",             0
面没合档 没林蕊傣备 汗措悼,2***,12m固父,118.15,傈技,201909,23,"        11,000",             0
面没合档 没林蕊傣备 汗措悼,2***,8m固父,118.4,岿技,201911,20,"         1,017",            22
面没合档 没林蕊傣备 汗措悼,3***,12m固父,119.21,傈技,201909,18,"        15,000",             0
面没合档 没林蕊傣备 汗措悼,2***,12m固父,120,岿技,201912,1,           700,            50
面没合档 没林蕊傣备 汗措悼,2***,25m捞惑,120,岿技,201910,18,"         1,000",            45
面没合档 没林蕊傣备 汗措悼,3***,25m固父,120,傈技,202001,19,"        15,000",             0
面没合档 没林蕊傣备 汗措悼,2***,12m固父,120.6,傈技,201910,26,"        12,000",             0
面没合档 没林蕊傣备 汗措悼,1***,25m固父,120.65,傈技,201911,1,"         3,000",             0
面没合档 没林蕊傣备 汗措悼,1***,25m固父,120.65,傈技,201909,21,"        11,000",             0
面没合档 没林蕊傣备 汗措悼,1**,12m固父,121,傈技,202002,14,"         9,500",             0
面没合档 没林蕊傣备 汗措悼,2***,12m固父,122.27,岿技,201908,18,"         2,000",            55
面没合档 没林蕊傣备 汗措悼,7**,8m固父,122.48,傈技,202004,19,"        15,000",             0
面没合档 没林蕊傣备 汗措悼,2***,12m固父,122.48,傈技,201908,22,"        10,000",             0
面没合档 没林蕊傣备 汗措悼,2***,12m固父,123.75,傈技,201909,20,"        10,000",             0
面没合档 没林蕊傣备 汗措悼,5*,-,124.05,傈技,201909,21,"        16,000",             0
面没合档 没林蕊傣备 汗措悼,2***,25m捞惑,124.65,傈技,201910,29,"         9,000",             0
面没合档 没林蕊傣备 汗措悼,3**,12m固父,126,傈技,202004,24,"        12,000",             0
面没合档 没林蕊傣备 汗措悼,1***,25m固父,128.41,傈技,201912,27,"        13,000",             0
面没合档 没林蕊傣备 汗措悼,2***,12m固父,128.44,傈技,202001,2,"        11,000",             0
面没合档 没林蕊傣备 汗措悼,1***,8m固父,132,岿技,201905,29,"         2,000",            60
面没合档 没林蕊傣备 汗措悼,1**,12m固父,132.22,傈技,201906,26,"        14,000",             0
面没合档 没林蕊傣备 汗措悼,2***,12m固父,132.23,岿技,201905,30,"         3,000",            60
面没合档 没林蕊傣备 汗措悼,6*,8m固父,132.95,傈技,202001,11,"        15,000",             0
面没合档 没林蕊傣备 汗措悼,1***,25m固父,135.06,傈技,201912,20,"        13,000",             0
面没合档 没林蕊傣备 汗措悼,2***,25m固父,137.11,傈技,201909,21,"         8,000",             0
面没合档 没林蕊傣备 汗措悼,8**,12m固父,138.6,傈技,202001,28,"        13,000",             0
面没合档 没林蕊傣备 汗措悼,8**,8m固父,142,傈技,202001,6,"        18,000",             0
面没合档 没林蕊傣备 汗措悼,3***,25m固父,145,傈技,201906,1,"        16,000",             0
面没合档 没林蕊傣备 汗措悼,3***,12m固父,145.58,傈技,201905,19,"        13,000",             0
面没合档 没林蕊傣备 汗措悼,5*,8m固父,148.91,傈技,201905,27,"        10,000",             0
面没合档 没林蕊傣备 汗措悼,4**,12m固父,148.98,傈技,201909,22,"        20,000",             0
面没合档 没林蕊傣备 汗措悼,8**,12m固父,150,傈技,201908,29,"        13,000",             0
面没合档 没林蕊傣备 汗措悼,2***,12m固父,152.53,岿技,201909,27,"         1,000",            75
面没合档 没林蕊傣备 汗措悼,3***,12m固父,171.65,岿技,202002,20,"         1,000",            85
面没合档 没林蕊傣备 汗措悼,9**,25m捞惑,186.84,傈技,202004,13,"        10,000",             0
